id;ConditionHash;TaskNo;CircleNo;TargetNo;ArmPos;BodyPos;DOF;ballistic;targetDistanceLocal;targetWidthLocal;targetDistance;targetWidth;targetID;target.x;target.y;pressed.x;pressed.y;click.x;click.y;difference.x;difference.y
1;1186530893;0;0;0;STRECHED;SITTING;THREE;True;350;15;3,031089;0,1299038;0;0;2,73;0,2080131;2,622404;0,2015727;2,57449;0,006440371;0,04791355
1;1186530893;0;0;0;STRECHED;SITTING;THREE;False;350;15;3,031089;0,1299038;0;0;2,73;-0,008734584;2,742886;0,06928512;2,790681;-0,07801971;-0,04779458
1;1186530893;0;0;1;STRECHED;SITTING;THREE;True;350;15;3,031089;0,1299038;1;1,515544;0,105;1,576941;-0,1483166;1,653831;-0,07401156;-0,07689047;-0,07430506
1;1186530893;0;0;1;STRECHED;SITTING;THREE;False;350;15;3,031089;0,1299038;1;1,515544;0,105;1,519547;0,1332628;1,594759;0,1223748;-0,07521152;0,01088798
1;1186530893;0;0;2;STRECHED;SITTING;THREE;True;350;15;3,031089;0,1299038;2;-1,515544;0,105;-1,693838;0,5810143;-1,226066;0,168379;-0,4677727;0,4126353
1;1186530893;0;0;2;STRECHED;SITTING;THREE;False;350;15;3,031089;0,1299038;2;-1,515544;0,105;-1,544289;0,1476362;-1,51951;0,1471602;-0,02477944;0,0004760027
1;1187907150;0;1;0;STRECHED;SITTING;THREE;True;350;30;3,031089;0,2598076;0;0;2,73;0,1867842;2,422761;0,1387936;2,487224;0,04799058;-0,06446314
1;1187907150;0;1;0;STRECHED;SITTING;THREE;False;350;30;3,031089;0,2598076;0;0;2,73;0,01964033;2,70812;0,0579803;2,76561;-0,03833997;-0,05748987
1;1187907150;0;1;1;STRECHED;SITTING;THREE;True;350;30;3,031089;0,2598076;1;1,515544;0,105;1,442868;0,1801328;1,475659;0,2586106;-0,03279066;-0,0784778
1;1187907150;0;1;1;STRECHED;SITTING;THREE;False;350;30;3,031089;0,2598076;1;1,515544;0,105;1,520704;0,1674414;1,567044;0,2054093;-0,04634011;-0,03796792
1;1187907150;0;1;2;STRECHED;SITTING;THREE;True;350;30;3,031089;0,2598076;2;-1,515544;0,105;-1,628824;0,3032988;-1,469552;0,346702;-0,1592716;-0,04340327
1;1187907150;0;1;2;STRECHED;SITTING;THREE;False;350;30;3,031089;0,2598076;2;-1,515544;0,105;-1,464116;0,09155989;-1,425744;0,1665751;-0,03837132;-0,07501519
1;1189283407;0;2;0;STRECHED;SITTING;THREE;True;150;50;1,299038;0,4330127;0;0;1,73;0,0449914;1,705074;0,0485529;1,60301;-0,003561497;0,102064
1;1189283407;0;2;0;STRECHED;SITTING;THREE;False;150;50;1,299038;0,4330127;0;0;1,73;0,02251959;1,664757;0,05277985;1,676716;-0,03026026;-0,01195884
1;1189283407;0;2;1;STRECHED;SITTING;THREE;True;150;50;1,299038;0,4330127;1;0,649519;0,605;0,8724059;0,3143329;0,8070095;0,3871537;0,06539643;-0,07282084
1;1189283407;0;2;1;STRECHED;SITTING;THREE;False;150;50;1,299038;0,4330127;1;0,649519;0,605;0,7463436;0,4980722;0,790378;0,5161374;-0,04403436;-0,01806515
1;1189283407;0;2;2;STRECHED;SITTING;THREE;True;150;50;1,299038;0,4330127;2;-0,649519;0,605;-0,8452771;0,7230791;-0,7612885;0,766898;-0,08398855;-0,04381889
1;1189283407;0;2;2;STRECHED;SITTING;THREE;False;150;50;1,299038;0,4330127;2;-0,649519;0,605;-0,7038146;0,6822547;-0,6708696;0,6952216;-0,03294504;-0,01296693
1;1190659664;0;3;0;STRECHED;SITTING;THREE;True;350;50;3,031089;0,4330127;0;0;2,73;0,070916;2,467462;0,09922789;2,629853;-0,02831189;-0,1623914
1;1190659664;0;3;0;STRECHED;SITTING;THREE;False;350;50;3,031089;0,4330127;0;0;2,73;0,08944914;2,545149;0,1396118;2,60775;-0,05016266;-0,06260085
1;1190659664;0;3;1;STRECHED;SITTING;THREE;True;350;50;3,031089;0,4330127;1;1,515544;0,105;1,43839;0,07087094;1,61285;0,1124204;-0,1744593;-0,0415495
1;1190659664;0;3;1;STRECHED;SITTING;THREE;False;350;50;3,031089;0,4330127;1;1,515544;0,105;1,55593;0,05609411;1,628938;0,1378228;-0,07300842;-0,0817287
1;1190659664;0;3;2;STRECHED;SITTING;THREE;True;350;50;3,031089;0,4330127;2;-1,515544;0,105;-1,51928;0,1804048;-1,528237;0,1145185;0,008957267;0,06588638
1;1190659664;0;3;2;STRECHED;SITTING;THREE;False;350;50;3,031089;0,4330127;2;-1,515544;0,105;-1,473304;0,01140082;-1,459714;0,09706789;-0,01358986;-0,08566707
1;1192035921;0;4;0;STRECHED;SITTING;THREE;True;150;30;1,299038;0,2598076;0;0;1,73;0,03752962;1,546472;0,01697409;1,588984;0,02055553;-0,04251218
1;1192035921;0;4;0;STRECHED;SITTING;THREE;False;150;30;1,299038;0,2598076;0;0;1,73;0,02992922;1,69675;0,06319174;1,773695;-0,03326252;-0,07694519
1;1192035921;0;4;1;STRECHED;SITTING;THREE;True;150;30;1,299038;0,2598076;1;0,649519;0,605;0,6639515;0,4602392;0,6754699;0,6579337;-0,01151842;-0,1976945
1;1192035921;0;4;1;STRECHED;SITTING;THREE;False;150;30;1,299038;0,2598076;1;0,649519;0,605;0,7428083;0,6469076;0,7145175;0,7034484;0,02829087;-0,05654079
1;1192035921;0;4;2;STRECHED;SITTING;THREE;True;150;30;1,299038;0,2598076;2;-0,649519;0,605;-0,9255546;0,6891488;-0,83044;0,7040297;-0,09511459;-0,01488084
1;1192035921;0;4;2;STRECHED;SITTING;THREE;False;150;30;1,299038;0,2598076;2;-0,649519;0,605;-0,6366234;0,6001924;-0,6265178;0,6740516;-0,01010561;-0,07385927
1;1193412178;0;5;0;STRECHED;SITTING;THREE;True;150;15;1,299038;0,1299038;0;0;1,73;0,264509;1,860431;0,1276867;1,789871;0,1368223;0,07056093
1;1193412178;0;5;0;STRECHED;SITTING;THREE;False;150;15;1,299038;0,1299038;0;0;1,73;-0,01495537;1,720756;0,04256162;1,722601;-0,05751699;-0,00184536
1;1193412178;0;5;1;STRECHED;SITTING;THREE;True;150;15;1,299038;0,1299038;1;0,649519;0,605;0,6669375;0,4202487;0,6971418;0,5670798;-0,03020424;-0,1468311
1;1193412178;0;5;1;STRECHED;SITTING;THREE;False;150;15;1,299038;0,1299038;1;0,649519;0,605;0,654234;0,6273888;0,6781056;0,6866437;-0,0238716;-0,05925488
1;1193412178;0;5;2;STRECHED;SITTING;THREE;True;150;15;1,299038;0,1299038;2;-0,649519;0,605;-0,6348872;0,6171857;-0,5243531;0,666517;-0,1105341;-0,04933131
1;1193412178;0;5;2;STRECHED;SITTING;THREE;False;150;15;1,299038;0,1299038;2;-0,649519;0,605;-0,6515206;0,6071936;-0,5877741;0,6588513;-0,06374645;-0,05165768
1;873596279;1;0;0;APPLIED;SITTING;SIX;True;350;50;3,031089;0,4330127;0;0;2,73;0,170362;2,475921;0,1395269;2,559155;0,03083511;-0,08323431
1;873596279;1;0;0;APPLIED;SITTING;SIX;False;350;50;3,031089;0,4330127;0;0;2,73;0,06870806;2,672447;0,122147;2,69097;-0,05343892;-0,01852274
1;873596279;1;0;1;APPLIED;SITTING;SIX;True;350;50;3,031089;0,4330127;1;1,515544;0,105;1,58652;0,2502027;1,508032;0,3322682;0,07848811;-0,08206552
1;873596279;1;0;1;APPLIED;SITTING;SIX;False;350;50;3,031089;0,4330127;1;1,515544;0,105;1,502841;0,1529399;1,60515;0,235965;-0,1023089;-0,0830251
1;873596279;1;0;2;APPLIED;SITTING;SIX;True;350;50;3,031089;0,4330127;2;-1,515544;0,105;-1,208631;0,09740996;-1,150918;0,2669826;-0,05771291;-0,1695726
1;873596279;1;0;2;APPLIED;SITTING;SIX;False;350;50;3,031089;0,4330127;2;-1,515544;0,105;-1,637383;0,1046541;-1,55691;0,2443182;-0,08047318;-0,1396641
1;874775928;1;1;0;APPLIED;SITTING;SIX;True;150;15;1,299038;0,1299038;0;0;1,73;-0,05241245;1,523707;-0,1477465;1,665329;0,09533405;-0,1416225
1;874775928;1;1;0;APPLIED;SITTING;SIX;False;150;15;1,299038;0,1299038;0;0;1,73;-0,01407346;1,762783;0,05914798;1,796616;-0,07322145;-0,0338335
1;874775928;1;1;1;APPLIED;SITTING;SIX;True;150;15;1,299038;0,1299038;1;0,649519;0,605;0,6371412;0,573562;0,653519;0,7266946;-0,01637781;-0,1531326
1;874775928;1;1;1;APPLIED;SITTING;SIX;False;150;15;1,299038;0,1299038;1;0,649519;0,605;0,6776;0,6136552;0,6660525;0,6762329;0,01154757;-0,06257772
1;874775928;1;1;2;APPLIED;SITTING;SIX;True;150;15;1,299038;0,1299038;2;-0,649519;0,605;-0,8261724;0,6617734;-0,7113296;0,6849445;-0,1148428;-0,02317107
1;874775928;1;1;2;APPLIED;SITTING;SIX;False;150;15;1,299038;0,1299038;2;-0,649519;0,605;-0,6619824;0,645502;-0,6567359;0,7315878;-0,00524646;-0,0860858
1;875955577;1;2;0;APPLIED;SITTING;SIX;True;350;30;3,031089;0,2598076;0;0;2,73;0,0309225;2,660994;0,06111571;2,757947;-0,03019321;-0,09695363
1;875955577;1;2;0;APPLIED;SITTING;SIX;False;350;30;3,031089;0,2598076;0;0;2,73;-0,01974759;2,729321;0,0202243;2,721201;-0,03997189;0,008119583
1;875955577;1;2;1;APPLIED;SITTING;SIX;True;350;30;3,031089;0,2598076;1;1,515544;0,105;1,561158;0,03066534;1,431959;0,1879851;0,129199;-0,1573197
1;875955577;1;2;1;APPLIED;SITTING;SIX;False;350;30;3,031089;0,2598076;1;1,515544;0,105;1,523283;0,04204506;1,49461;0,1537695;0,02867317;-0,1117244
1;875955577;1;2;2;APPLIED;SITTING;SIX;True;350;30;3,031089;0,2598076;2;-1,515544;0,105;-1,424865;0,1431004;-1,416426;0,128751;-0,008439541;0,01434946
1;875955577;1;2;2;APPLIED;SITTING;SIX;False;350;30;3,031089;0,2598076;2;-1,515544;0,105;-1,4847;0,1134936;-1,435226;0,2201608;-0,04947388;-0,1066672
1;877135226;1;3;0;APPLIED;SITTING;SIX;True;150;30;1,299038;0,2598076;0;0;1,73;-0,1404745;1,86086;-0,05453622;1,935705;-0,08593825;-0,07484567
1;877135226;1;3;0;APPLIED;SITTING;SIX;False;150;30;1,299038;0,2598076;0;0;1,73;-0,02222371;1,754509;0,06188315;1,783876;-0,08410686;-0,02936637
1;877135226;1;3;1;APPLIED;SITTING;SIX;True;150;30;1,299038;0,2598076;1;0,649519;0,605;0,7426178;0,6200846;0,5478246;0,7051857;0,1947932;-0,08510107
1;877135226;1;3;1;APPLIED;SITTING;SIX;False;150;30;1,299038;0,2598076;1;0,649519;0,605;0,7085371;0,5704304;0,7566378;0,5973375;-0,04810071;-0,02690709
1;877135226;1;3;2;APPLIED;SITTING;SIX;True;150;30;1,299038;0,2598076;2;-0,649519;0,605;-0,7650235;0,7098407;-0,5696891;0,741967;-0,1953344;-0,03212631
1;877135226;1;3;2;APPLIED;SITTING;SIX;False;150;30;1,299038;0,2598076;2;-0,649519;0,605;-0,589318;0,5621429;-0,5425187;0,6502242;-0,04679936;-0,0880813
1;878314875;1;4;0;APPLIED;SITTING;SIX;True;350;15;3,031089;0,1299038;0;0;2,73;0,1637884;2,669897;0,07158291;2,729454;0,09220549;-0,05955768
1;878314875;1;4;0;APPLIED;SITTING;SIX;False;350;15;3,031089;0,1299038;0;0;2,73;0,01840642;2,74577;0,04959565;2,77866;-0,03118923;-0,03289032
1;878314875;1;4;1;APPLIED;SITTING;SIX;True;350;15;3,031089;0,1299038;1;1,515544;0,105;1,606222;0,09663403;1,586092;0,06889594;0,02013004;0,02773809
1;878314875;1;4;1;APPLIED;SITTING;SIX;False;350;15;3,031089;0,1299038;1;1,515544;0,105;1,531072;0,1083971;1,538703;0,153089;-0,007630825;-0,04469192
1;878314875;1;4;2;APPLIED;SITTING;SIX;True;350;15;3,031089;0,1299038;2;-1,515544;0,105;-1,403469;0,1776861;-1,576215;0,1636224;0,1727463;0,01406366
1;878314875;1;4;2;APPLIED;SITTING;SIX;False;350;15;3,031089;0,1299038;2;-1,515544;0,105;-1,515147;0,1158631;-1,453376;0,3128668;-0,06177115;-0,1970037
1;879494524;1;5;0;APPLIED;SITTING;SIX;True;150;50;1,299038;0,4330127;0;0;1,73;0,02472535;1,768535;0,1146589;1,757182;-0,08993353;0,01135242
1;879494524;1;5;0;APPLIED;SITTING;SIX;False;150;50;1,299038;0,4330127;0;0;1,73;0,02450949;1,721947;0,06002778;1,697992;-0,03551829;0,02395546
1;879494524;1;5;1;APPLIED;SITTING;SIX;True;150;50;1,299038;0,4330127;1;0,649519;0,605;0,9137622;0,3373287;0,8666924;0,3171267;0,04706985;0,02020204
1;879494524;1;5;1;APPLIED;SITTING;SIX;False;150;50;1,299038;0,4330127;1;0,649519;0,605;0,7255452;0,582729;0,7826281;0,6532874;-0,05708289;-0,07055837
1;879494524;1;5;2;APPLIED;SITTING;SIX;True;150;50;1,299038;0,4330127;2;-0,649519;0,605;-0,6379417;0,5799222;-0,5655025;0,5852652;-0,07243919;-0,00534296
1;879494524;1;5;2;APPLIED;SITTING;SIX;False;150;50;1,299038;0,4330127;2;-0,649519;0,605;-0,6065859;0,6107864;-0,5562137;0,6198503;-0,05037224;-0,0090639
1;982582731;2;0;0;STRECHED;SITTING;SIX;True;150;30;1,299038;0,2598076;0;0;1,73;0,1269521;2,080062;0,0856777;1,754247;0,04127438;0,3258145
1;982582731;2;0;0;STRECHED;SITTING;SIX;False;150;30;1,299038;0,2598076;0;0;1,73;-0,02003896;1,688104;0,01221308;1,747286;-0,03225204;-0,05918288
1;982582731;2;0;1;STRECHED;SITTING;SIX;True;150;30;1,299038;0,2598076;1;0,649519;0,605;0,6589465;0,5954516;0,6974097;0,5716212;-0,03846323;0,02383035
1;982582731;2;0;1;STRECHED;SITTING;SIX;False;150;30;1,299038;0,2598076;1;0,649519;0,605;0,6946304;0,5924609;0,7150265;0,627677;-0,02039611;-0,03521603
1;982582731;2;0;2;STRECHED;SITTING;SIX;True;150;30;1,299038;0,2598076;2;-0,649519;0,605;-0,4928765;0,5283677;-0,4751896;0,6036143;-0,0176869;-0,07524663
1;982582731;2;0;2;STRECHED;SITTING;SIX;False;150;30;1,299038;0,2598076;2;-0,649519;0,605;-0,6382578;0,5616093;-0,5935588;0,6445507;-0,04469901;-0,08294135
1;983827916;2;1;0;STRECHED;SITTING;SIX;True;150;50;1,299038;0,4330127;0;0;1,73;-0,1316988;1,684185;-0,1089738;1,756601;-0,02272496;-0,07241607
1;983827916;2;1;0;STRECHED;SITTING;SIX;False;150;50;1,299038;0,4330127;0;0;1,73;-0,06801406;1,723204;-0,0888463;1,768947;0,02083224;-0,04574299
1;983827916;2;1;1;STRECHED;SITTING;SIX;True;150;50;1,299038;0,4330127;1;0,649519;0,605;0,7068722;0,6191489;0,704677;0,6092146;0,002195179;0,009934247
1;983827916;2;1;1;STRECHED;SITTING;SIX;False;150;50;1,299038;0,4330127;1;0,649519;0,605;0,6850976;0,6165463;0,6661773;0,6806229;0,01892036;-0,0640766
1;983827916;2;1;2;STRECHED;SITTING;SIX;True;150;50;1,299038;0,4330127;2;-0,649519;0,605;-0,8377774;0,6817664;-0,7340986;0,7260485;-0,1036788;-0,04428208
1;983827916;2;1;2;STRECHED;SITTING;SIX;False;150;50;1,299038;0,4330127;2;-0,649519;0,605;-0,623288;0,6484777;-0,627147;0,7552512;0,003858924;-0,1067735
1;985073101;2;2;0;STRECHED;SITTING;SIX;True;150;15;1,299038;0,1299038;0;0;1,73;0,01266068;1,703183;-0,007643223;1,821685;0,02030391;-0,1185021
1;985073101;2;2;0;STRECHED;SITTING;SIX;False;150;15;1,299038;0,1299038;0;0;1,73;0,002945006;1,753021;0,02703246;1,664238;-0,02408746;0,08878231
1;985073101;2;2;1;STRECHED;SITTING;SIX;True;150;15;1,299038;0,1299038;1;0,649519;0,605;0,6737261;0,6549371;0,7784936;0,482016;-0,1047675;0,1729212
1;985073101;2;2;1;STRECHED;SITTING;SIX;False;150;15;1,299038;0,1299038;1;0,649519;0,605;0,7001561;0,6216943;0,6939112;0,6470971;0,006244898;-0,02540278
1;985073101;2;2;2;STRECHED;SITTING;SIX;True;150;15;1,299038;0,1299038;2;-0,649519;0,605;-0,7411096;0,684111;-0,6761172;0,7766839;-0,06499243;-0,09257293
1;985073101;2;2;2;STRECHED;SITTING;SIX;False;150;15;1,299038;0,1299038;2;-0,649519;0,605;-0,6316108;0,6162751;-0,6814079;0,6517768;0,04979718;-0,03550172
1;986318286;2;3;0;STRECHED;SITTING;SIX;True;350;15;3,031089;0,1299038;0;0;2,73;-0,06641278;2,776265;-0,1148612;2,80221;0,04844838;-0,02594495
1;986318286;2;3;0;STRECHED;SITTING;SIX;False;350;15;3,031089;0,1299038;0;0;2,73;-0,04443616;2,896013;-0,07653478;2,868356;0,03209862;0,02765751
1;986318286;2;3;1;STRECHED;SITTING;SIX;True;350;15;3,031089;0,1299038;1;1,515544;0,105;1,452311;0,2368561;1,5119;0,1222749;-0,05958927;0,1145812
1;986318286;2;3;1;STRECHED;SITTING;SIX;False;350;15;3,031089;0,1299038;1;1,515544;0,105;1,56717;0,05573124;1,546964;0,07582211;0,02020633;-0,02009088
1;986318286;2;3;2;STRECHED;SITTING;SIX;True;350;15;3,031089;0,1299038;2;-1,515544;0,105;-1,632005;0,08429527;-1,543054;0,1906229;-0,08895087;-0,1063277
1;986318286;2;3;2;STRECHED;SITTING;SIX;False;350;15;3,031089;0,1299038;2;-1,515544;0,105;-1,493516;0,07764751;-1,401494;0,1447588;-0,09202182;-0,06711131
1;987563471;2;4;0;STRECHED;SITTING;SIX;True;350;50;3,031089;0,4330127;0;0;2,73;-0,3886958;3,239738;-0,3531676;3,281646;-0,03552824;-0,04190803
1;987563471;2;4;0;STRECHED;SITTING;SIX;False;350;50;3,031089;0,4330127;0;0;2,73;-0,003839046;2,794636;0,02931935;2,903704;-0,03315839;-0,1090677
1;987563471;2;4;1;STRECHED;SITTING;SIX;True;350;50;3,031089;0,4330127;1;1,515544;0,105;1,62;-0,0208478;1,617673;0,1026195;0,002326846;-0,1234673
1;987563471;2;4;1;STRECHED;SITTING;SIX;False;350;50;3,031089;0,4330127;1;1,515544;0,105;1,531783;0,07183671;1,618226;0,1484423;-0,08644307;-0,07660556
1;987563471;2;4;2;STRECHED;SITTING;SIX;True;350;50;3,031089;0,4330127;2;-1,515544;0,105;-1,234973;0,1927658;-1,685099;0,2658863;0,4501257;-0,07312047
1;987563471;2;4;2;STRECHED;SITTING;SIX;False;350;50;3,031089;0,4330127;2;-1,515544;0,105;-1,639835;0,1566951;-1,600657;0,2328352;-0,03917801;-0,07614011
1;988808656;2;5;0;STRECHED;SITTING;SIX;True;350;30;3,031089;0,2598076;0;0;2,73;-0,03098357;2,904593;-0,05574155;3,100435;0,02475798;-0,1958411
1;988808656;2;5;0;STRECHED;SITTING;SIX;False;350;30;3,031089;0,2598076;0;0;2,73;-0,02428049;2,753999;0,05444306;2,791672;-0,07872355;-0,037673
1;988808656;2;5;1;STRECHED;SITTING;SIX;True;350;30;3,031089;0,2598076;1;1,515544;0,105;1,651722;0,2836683;1,65768;0,2911536;-0,005957842;-0,007485211
1;988808656;2;5;1;STRECHED;SITTING;SIX;False;350;30;3,031089;0,2598076;1;1,515544;0,105;1,534503;0,04542321;1,595172;0,09313214;-0,06066978;-0,04770893
1;988808656;2;5;2;STRECHED;SITTING;SIX;True;350;30;3,031089;0,2598076;2;-1,515544;0,105;-1,240985;0,1022409;-1,541011;-0,04775536;0,3000256;0,1499963
1;988808656;2;5;2;STRECHED;SITTING;SIX;False;350;30;3,031089;0,2598076;2;-1,515544;0,105;-1,514007;0,1734078;-1,418471;0,2036097;-0,09553599;-0,03020191
1;1072170493;3;0;0;APPLIED;SITTING;THREE;True;350;15;3,031089;0,1299038;0;0;2,73;0,184348;2,671565;0,1776518;2,712939;0,006696165;-0,04137373
1;1072170493;3;0;0;APPLIED;SITTING;THREE;False;350;15;3,031089;0,1299038;0;0;2,73;0,02491501;2,746919;0,05510876;2,792194;-0,03019375;-0,04527426
1;1072170493;3;0;1;APPLIED;SITTING;THREE;True;350;15;3,031089;0,1299038;1;1,515544;0,105;1,602759;0,0266422;1,464751;0,1357981;0,1380085;-0,1091559
1;1072170493;3;0;1;APPLIED;SITTING;THREE;False;350;15;3,031089;0,1299038;1;1,515544;0,105;1,557386;0,0892145;1,569521;0,1321369;-0,01213431;-0,04292244
1;1072170493;3;0;2;APPLIED;SITTING;THREE;True;350;15;3,031089;0,1299038;2;-1,515544;0,105;-1,514347;0,1194112;-1,493542;0,2050164;-0,02080524;-0,0856052
1;1072170493;3;0;2;APPLIED;SITTING;THREE;False;350;15;3,031089;0,1299038;2;-1,515544;0,105;-1,524518;0,1028382;-1,531881;0,1289414;0,007362843;-0,0261032
1;1073481214;3;1;0;APPLIED;SITTING;THREE;True;350;30;3,031089;0,2598076;0;0;2,73;-0,09261918;3,13928;0,1486803;3,243418;-0,2412995;-0,1041379
1;1073481214;3;1;0;APPLIED;SITTING;THREE;False;350;30;3,031089;0,2598076;0;0;2,73;0,02440631;2,735389;0,01819855;2,771528;0,006207764;-0,03613877
1;1073481214;3;1;1;APPLIED;SITTING;THREE;True;350;30;3,031089;0,2598076;1;1,515544;0,105;1,452141;0,1554134;1,513937;0,1423208;-0,06179619;0,01309258
1;1073481214;3;1;1;APPLIED;SITTING;THREE;False;350;30;3,031089;0,2598076;1;1,515544;0,105;1,512431;0,1098158;1,534142;0,1411619;-0,02171063;-0,03134608
1;1073481214;3;1;2;APPLIED;SITTING;THREE;True;350;30;3,031089;0,2598076;2;-1,515544;0,105;-1,357602;0,005526781;-1,519202;0,06313777;0,1615998;-0,05761099
1;1073481214;3;1;2;APPLIED;SITTING;THREE;False;350;30;3,031089;0,2598076;2;-1,515544;0,105;-1,490716;0,1940734;-1,452657;0,2530513;-0,03805959;-0,05897796
1;1074791935;3;2;0;APPLIED;SITTING;THREE;True;150;50;1,299038;0,4330127;0;0;1,73;0,00671196;1,75554;0,06626406;1,762604;-0,0595521;-0,007063627
1;1074791935;3;2;0;APPLIED;SITTING;THREE;False;150;50;1,299038;0,4330127;0;0;1,73;-0,004484862;1,787463;-0,0276747;1,779528;0,02318984;0,007935047
1;1074791935;3;2;1;APPLIED;SITTING;THREE;True;150;50;1,299038;0,4330127;1;0,649519;0,605;0,8169839;0,5944376;0,7358002;0,6631137;0,08118373;-0,06867611
1;1074791935;3;2;1;APPLIED;SITTING;THREE;False;150;50;1,299038;0,4330127;1;0,649519;0,605;0,7443024;0,5753876;0,7503161;0,6204532;-0,006013751;-0,04506558
1;1074791935;3;2;2;APPLIED;SITTING;THREE;True;150;50;1,299038;0,4330127;2;-0,649519;0,605;-0,6976904;0,6742822;-0,6303579;0,7041434;-0,06733251;-0,02986121
1;1074791935;3;2;2;APPLIED;SITTING;THREE;False;150;50;1,299038;0,4330127;2;-0,649519;0,605;-0,6289763;0,6008129;-0,5932524;0,6296065;-0,03572398;-0,02879357
1;1076102656;3;3;0;APPLIED;SITTING;THREE;True;350;50;3,031089;0,4330127;0;0;2,73;0,1120147;2,300953;0,1242016;2,454502;-0,0121869;-0,1535494
1;1076102656;3;3;0;APPLIED;SITTING;THREE;False;350;50;3,031089;0,4330127;0;0;2,73;-0,01988804;2,794281;-0,001407743;2,825676;-0,0184803;-0,03139472
1;1076102656;3;3;1;APPLIED;SITTING;THREE;True;350;50;3,031089;0,4330127;1;1,515544;0,105;1,487757;0,3054118;1,706435;0,1587654;-0,2186775;0,1466464
1;1076102656;3;3;1;APPLIED;SITTING;THREE;False;350;50;3,031089;0,4330127;1;1,515544;0,105;1,577;0,02347851;1,59706;0,1596269;-0,0200603;-0,1361484
1;1076102656;3;3;2;APPLIED;SITTING;THREE;True;350;50;3,031089;0,4330127;2;-1,515544;0,105;-1,265603;0,1753772;-1,255505;0,2348892;-0,01009786;-0,05951196
1;1076102656;3;3;2;APPLIED;SITTING;THREE;False;350;50;3,031089;0,4330127;2;-1,515544;0,105;-1,531681;0,09211558;-1,424188;0,2367235;-0,107493;-0,144608
1;1077413377;3;4;0;APPLIED;SITTING;THREE;True;150;30;1,299038;0,2598076;0;0;1,73;-0,2225652;1,613754;-0,1764349;1,716762;-0,04613036;-0,1030077
1;1077413377;3;4;0;APPLIED;SITTING;THREE;False;150;30;1,299038;0,2598076;0;0;1,73;-0,0295046;1,703242;-0,003114343;1,732409;-0,02639025;-0,02916622
1;1077413377;3;4;1;APPLIED;SITTING;THREE;True;150;30;1,299038;0,2598076;1;0,649519;0,605;0,9893606;0,2909688;0,8201809;0,441712;0,1691797;-0,1507432
1;1077413377;3;4;1;APPLIED;SITTING;THREE;False;150;30;1,299038;0,2598076;1;0,649519;0,605;0,6832438;0,6215402;0,6777526;0,6728076;0,005491138;-0,05126733
1;1077413377;3;4;2;APPLIED;SITTING;THREE;True;150;30;1,299038;0,2598076;2;-0,649519;0,605;-0,5298658;0,557355;-0,5331914;0,5599954;0,003325582;-0,002640367
1;1077413377;3;4;2;APPLIED;SITTING;THREE;False;150;30;1,299038;0,2598076;2;-0,649519;0,605;-0,607259;0,6285211;-0,5831965;0,6703297;-0,02406245;-0,04180855
1;1078724098;3;5;0;APPLIED;SITTING;THREE;True;150;15;1,299038;0,1299038;0;0;1,73;0,1329802;1,802292;0,1070919;1,782947;0,02588829;0,0193454
1;1078724098;3;5;0;APPLIED;SITTING;THREE;False;150;15;1,299038;0,1299038;0;0;1,73;-0,02061316;1,745753;-0,01374024;1,743568;-0,006872922;0,002184868
1;1078724098;3;5;1;APPLIED;SITTING;THREE;True;150;15;1,299038;0,1299038;1;0,649519;0,605;0,7051525;0,563644;0,6899238;0,5240228;0,01522875;0,03962123
1;1078724098;3;5;1;APPLIED;SITTING;THREE;False;150;15;1,299038;0,1299038;1;0,649519;0,605;0,6427714;0,5938979;0,6194468;0,616068;0,02332467;-0,02217013
1;1078724098;3;5;2;APPLIED;SITTING;THREE;True;150;15;1,299038;0,1299038;2;-0,649519;0,605;-0,797164;0,6803276;-0,7618334;0,7134805;-0,03533053;-0,03315288
1;1078724098;3;5;2;APPLIED;SITTING;THREE;False;150;15;1,299038;0,1299038;2;-0,649519;0,605;-0,6384051;0,6113759;-0,61;0,6784945;-0,02840513;-0,06711853
1;1166018100;4;0;0;APPLIED;STANDING;THREE;True;350;50;3,031089;0,4330127;0;0;2,73;0,7780734;2,483653;0,3774447;2,482057;0,4006287;0,001595736
1;1166018100;4;0;0;APPLIED;STANDING;THREE;False;350;50;3,031089;0,4330127;0;0;2,73;0,05047017;2,834143;0,03268015;2,786389;0,01779002;0,04775405
1;1166018100;4;0;1;APPLIED;STANDING;THREE;True;350;50;3,031089;0,4330127;1;1,515544;0,105;1,521066;0,1178973;1,471527;-0,03430045;0,04953909;0,1521978
1;1166018100;4;0;1;APPLIED;STANDING;THREE;False;350;50;3,031089;0,4330127;1;1,515544;0,105;1,548337;0,08465821;1,633245;0,1911903;-0,08490801;-0,1065321
1;1166018100;4;0;2;APPLIED;STANDING;THREE;True;350;50;3,031089;0,4330127;2;-1,515544;0,105;-1,144345;-0,06385851;-1,083482;0,09315085;-0,0608629;-0,1570094
1;1166018100;4;0;2;APPLIED;STANDING;THREE;False;350;50;3,031089;0,4330127;2;-1,515544;0,105;-1,552681;0,2093988;-1,559634;0,2736067;0,006953359;-0,06420791
1;1167394357;4;1;0;APPLIED;STANDING;THREE;True;150;15;1,299038;0,1299038;0;0;1,73;0,3455932;1,746913;0,2917424;1,861588;0,0538508;-0,114675
1;1167394357;4;1;0;APPLIED;STANDING;THREE;False;150;15;1,299038;0,1299038;0;0;1,73;-0,04457298;1,759048;0,01742005;1,800758;-0,06199303;-0,04171085
1;1167394357;4;1;1;APPLIED;STANDING;THREE;True;150;15;1,299038;0,1299038;1;0,649519;0,605;0,6966901;0,5799211;0,6868387;0,7220308;0,009851336;-0,1421097
1;1167394357;4;1;1;APPLIED;STANDING;THREE;False;150;15;1,299038;0,1299038;1;0,649519;0,605;0,6939485;0,6448811;0,7123074;0,6715378;-0,01835889;-0,02665663
1;1167394357;4;1;2;APPLIED;STANDING;THREE;True;150;15;1,299038;0,1299038;2;-0,649519;0,605;-0,7736088;0,5833249;-0,6269386;0,6955235;-0,1466702;-0,1121986
1;1167394357;4;1;2;APPLIED;STANDING;THREE;False;150;15;1,299038;0,1299038;2;-0,649519;0,605;-0,6317426;0,6005266;-0,5840524;0,6554654;-0,04769021;-0,05493879
1;1168770614;4;2;0;APPLIED;STANDING;THREE;True;350;30;3,031089;0,2598076;0;0;2,73;-0,01144111;2,399162;-0,1050683;2,539398;0,09362721;-0,1402369
1;1168770614;4;2;0;APPLIED;STANDING;THREE;False;350;30;3,031089;0,2598076;0;0;2,73;0,007507384;2,711249;0,08620352;2,712494;-0,07869613;-0,001245022
1;1168770614;4;2;1;APPLIED;STANDING;THREE;True;350;30;3,031089;0,2598076;1;1,515544;0,105;1,445503;0,5316852;1,532394;0,4935034;-0,08689058;0,03818184
1;1168770614;4;2;1;APPLIED;STANDING;THREE;False;350;30;3,031089;0,2598076;1;1,515544;0,105;1,444439;0,1606742;1,49311;0,2612616;-0,04867125;-0,1005874
1;1168770614;4;2;2;APPLIED;STANDING;THREE;True;350;30;3,031089;0,2598076;2;-1,515544;0,105;-1,135317;0,3099405;-1,502473;0,2318426;0,3671557;0,07809788
1;1168770614;4;2;2;APPLIED;STANDING;THREE;False;350;30;3,031089;0,2598076;2;-1,515544;0,105;-1,466268;0,1758448;-1,363744;0,3192049;-0,1025237;-0,14336
1;1170146871;4;3;0;APPLIED;STANDING;THREE;True;150;30;1,299038;0,2598076;0;0;1,73;-0,03763753;1,734459;0,0828113;1,665957;-0,1204488;0,06850195
1;1170146871;4;3;0;APPLIED;STANDING;THREE;False;150;30;1,299038;0,2598076;0;0;1,73;0,005419046;1,717344;0,07235125;1,811493;-0,0669322;-0,09414887
1;1170146871;4;3;1;APPLIED;STANDING;THREE;True;150;30;1,299038;0,2598076;1;0,649519;0,605;0,7937893;0,4245158;0,7920451;0,5937594;0,001744151;-0,1692435
1;1170146871;4;3;1;APPLIED;STANDING;THREE;False;150;30;1,299038;0,2598076;1;0,649519;0,605;0,6962222;0,6494566;0,7192904;0,7344923;-0,02306819;-0,08503568
1;1170146871;4;3;2;APPLIED;STANDING;THREE;True;150;30;1,299038;0,2598076;2;-0,649519;0,605;-0,5130202;0,6411301;-0,5073142;0,6872789;-0,005705953;-0,04614878
1;1170146871;4;3;2;APPLIED;STANDING;THREE;False;150;30;1,299038;0,2598076;2;-0,649519;0,605;-0,6088558;0,6095791;-0,5420118;0,6654472;-0,06684399;-0,05586803
1;1171523128;4;4;0;APPLIED;STANDING;THREE;True;350;15;3,031089;0,1299038;0;0;2,73;0,2694323;2,298522;0,2830991;2,349543;-0,01366684;-0,05102158
1;1171523128;4;4;0;APPLIED;STANDING;THREE;False;350;15;3,031089;0,1299038;0;0;2,73;0,00760597;2,806906;0,06284523;2,892873;-0,05523926;-0,08596683
1;1171523128;4;4;1;APPLIED;STANDING;THREE;True;350;15;3,031089;0,1299038;1;1,515544;0,105;1,697091;0,1273275;1,630722;0,1986946;0,06636941;-0,07136714
1;1171523128;4;4;1;APPLIED;STANDING;THREE;False;350;15;3,031089;0,1299038;1;1,515544;0,105;1,501995;0,1419646;1,479338;0,3102024;0,02265656;-0,1682378
1;1171523128;4;4;2;APPLIED;STANDING;THREE;True;350;15;3,031089;0,1299038;2;-1,515544;0,105;-1,896077;0,2095038;-1,803625;0,282909;-0,09245157;-0,07340527
1;1171523128;4;4;2;APPLIED;STANDING;THREE;False;350;15;3,031089;0,1299038;2;-1,515544;0,105;-1,476368;0,136636;-1,363409;0,1102682;-0,1129595;0,02636778
1;1172899385;4;5;0;APPLIED;STANDING;THREE;True;150;50;1,299038;0,4330127;0;0;1,73;0,2098612;1,809269;0,1453148;1,848257;0,06454641;-0,03898716
1;1172899385;4;5;0;APPLIED;STANDING;THREE;False;150;50;1,299038;0,4330127;0;0;1,73;-0,05857426;1,862257;-0,0152334;1,892594;-0,04334086;-0,03033686
1;1172899385;4;5;1;APPLIED;STANDING;THREE;True;150;50;1,299038;0,4330127;1;0,649519;0,605;0,7932317;0,5108728;0,6377618;0,6065909;0,1554699;-0,09571803
1;1172899385;4;5;1;APPLIED;STANDING;THREE;False;150;50;1,299038;0,4330127;1;0,649519;0,605;0,6939679;0,7150103;0,6572053;0,7625518;0,03676254;-0,04754144
1;1172899385;4;5;2;APPLIED;STANDING;THREE;True;150;50;1,299038;0,4330127;2;-0,649519;0,605;-0,9808861;0,643162;-0,8112239;0,719304;-0,1696622;-0,07614201
1;1172899385;4;5;2;APPLIED;STANDING;THREE;False;150;50;1,299038;0,4330127;2;-0,649519;0,605;-0,7308197;0,7643816;-0,6846008;0,8030848;-0,04621887;-0,0387032
1;1077413380;5;0;0;STRECHED;STANDING;SIX;True;150;30;1,299038;0,2598076;0;0;1,73;0,2122033;2,734481;0,09914608;1,654168;0,1130573;1,080313
1;1077413380;5;0;0;STRECHED;STANDING;SIX;False;150;30;1,299038;0,2598076;0;0;1,73;0,0315704;1,716038;0,01270419;1,748489;0,01886621;-0,03245139
1;1077413380;5;0;1;STRECHED;STANDING;SIX;True;150;30;1,299038;0,2598076;1;0,649519;0,605;0,8838375;0,700236;0,7514076;0,7228637;0,1324299;-0,02262771
1;1077413380;5;0;1;STRECHED;STANDING;SIX;False;150;30;1,299038;0,2598076;1;0,649519;0,605;0,6806697;0,5959919;0,6510221;0,6651251;0,02964759;-0,06913322
1;1077413380;5;0;2;STRECHED;STANDING;SIX;True;150;30;1,299038;0,2598076;2;-0,649519;0,605;-0,4815681;0,6350681;-0,492798;0,7215012;0,01122993;-0,08643311
1;1077413380;5;0;2;STRECHED;STANDING;SIX;False;150;30;1,299038;0,2598076;2;-0,649519;0,605;-0,6379799;0,642315;-0,6716704;0,6337476;0,03369051;0,008567452
1;1078724101;5;1;0;STRECHED;STANDING;SIX;True;150;50;1,299038;0,4330127;0;0;1,73;-0,08039993;1,879826;-0,09046605;1,843671;0,01006612;0,03615475
1;1078724101;5;1;0;STRECHED;STANDING;SIX;False;150;50;1,299038;0,4330127;0;0;1,73;-0,06961766;1,751386;-0,05827251;1,633431;-0,01134515;0,1179554
1;1078724101;5;1;1;STRECHED;STANDING;SIX;True;150;50;1,299038;0,4330127;1;0,649519;0,605;0,5301926;0,6789729;0,5754527;0,7409135;-0,04526019;-0,06194061
1;1078724101;5;1;1;STRECHED;STANDING;SIX;False;150;50;1,299038;0,4330127;1;0,649519;0,605;0,6852247;0,6567464;0,6567338;0,679023;0,0284909;-0,02227664
1;1078724101;5;1;2;STRECHED;STANDING;SIX;True;150;50;1,299038;0,4330127;2;-0,649519;0,605;-0,3722727;0,6249744;-0,4665481;0,6505564;0,09427536;-0,02558202
1;1078724101;5;1;2;STRECHED;STANDING;SIX;False;150;50;1,299038;0,4330127;2;-0,649519;0,605;-0,5823616;0,6155395;-0,5176305;0,6255793;-0,06473112;-0,01003981
1;1080034822;5;2;0;STRECHED;STANDING;SIX;True;150;15;1,299038;0,1299038;0;0;1,73;-0,06429479;1,749938;-0,1133871;1,889506;0,04909229;-0,1395683
1;1080034822;5;2;0;STRECHED;STANDING;SIX;False;150;15;1,299038;0,1299038;0;0;1,73;0,0001957119;1,775945;-0,008257538;1,744173;0,00845325;0,03177154
1;1080034822;5;2;1;STRECHED;STANDING;SIX;True;150;15;1,299038;0,1299038;1;0,649519;0,605;0,7799438;0,4987896;0,6585951;0,6906434;0,1213487;-0,1918538
1;1080034822;5;2;1;STRECHED;STANDING;SIX;False;150;15;1,299038;0,1299038;1;0,649519;0,605;0,6903821;0,6538998;0,7131863;0,692429;-0,0228042;-0,03852916
1;1080034822;5;2;2;STRECHED;STANDING;SIX;True;150;15;1,299038;0,1299038;2;-0,649519;0,605;-0,5025802;0,6684146;-0,5287716;0,744982;0,02619135;-0,07656741
1;1080034822;5;2;2;STRECHED;STANDING;SIX;False;150;15;1,299038;0,1299038;2;-0,649519;0,605;-0,6473858;0,5930197;-0,5550591;0,6359355;-0,0923267;-0,04291582
1;1081345543;5;3;0;STRECHED;STANDING;SIX;True;350;15;3,031089;0,1299038;0;0;2,73;0,0492034;2,370237;0,08790416;2,482658;-0,03870076;-0,1124206
1;1081345543;5;3;0;STRECHED;STANDING;SIX;False;350;15;3,031089;0,1299038;0;0;2,73;0,007868111;2,717243;0,01675433;2,700847;-0,008886218;0,01639652
1;1081345543;5;3;1;STRECHED;STANDING;SIX;True;350;15;3,031089;0,1299038;1;1,515544;0,105;1,673129;0,2497149;1,745787;0,1941537;-0,07265794;0,05556118
1;1081345543;5;3;1;STRECHED;STANDING;SIX;False;350;15;3,031089;0,1299038;1;1,515544;0,105;1,527043;0,08806485;1,605705;0,06761914;-0,07866228;0,0204457
1;1081345543;5;3;2;STRECHED;STANDING;SIX;True;350;15;3,031089;0,1299038;2;-1,515544;0,105;-1,383609;0,2238855;-1,532586;0,06957382;0,1489762;0,1543117
1;1081345543;5;3;2;STRECHED;STANDING;SIX;False;350;15;3,031089;0,1299038;2;-1,515544;0,105;-1,50251;0,1104625;-1,409822;0,1536298;-0,09268808;-0,04316729
1;1082656264;5;4;0;STRECHED;STANDING;SIX;True;350;50;3,031089;0,4330127;0;0;2,73;0,2311982;2,542745;0,185646;2,464963;0,04555227;0,07778215
1;1082656264;5;4;0;STRECHED;STANDING;SIX;False;350;50;3,031089;0,4330127;0;0;2,73;-0,1101687;2,710147;0,004235029;2,732908;-0,1144037;-0,02276134
1;1082656264;5;4;1;STRECHED;STANDING;SIX;True;350;50;3,031089;0,4330127;1;1,515544;0,105;1,463581;0,2910104;1,47656;0,3396336;-0,01297915;-0,04862326
1;1082656264;5;4;1;STRECHED;STANDING;SIX;False;350;50;3,031089;0,4330127;1;1,515544;0,105;1,500903;0,1178522;1,502815;0,2117074;-0,001912236;-0,0938552
1;1082656264;5;4;2;STRECHED;STANDING;SIX;True;350;50;3,031089;0,4330127;2;-1,515544;0,105;-1,085933;0,05528849;-1,384553;0,0487138;0,2986197;0,00657469
1;1082656264;5;4;2;STRECHED;STANDING;SIX;False;350;50;3,031089;0,4330127;2;-1,515544;0,105;-1,535059;0,1127974;-1,599544;0,1507218;0,06448543;-0,03792441
1;1083966985;5;5;0;STRECHED;STANDING;SIX;True;350;30;3,031089;0,2598076;0;0;2,73;0,08808896;2,419598;0,1077399;2,547184;-0,01965095;-0,1275861
1;1083966985;5;5;0;STRECHED;STANDING;SIX;False;350;30;3,031089;0,2598076;0;0;2,73;0,01210541;2,755069;0,04103112;2,746925;-0,02892572;0,008143902
1;1083966985;5;5;1;STRECHED;STANDING;SIX;True;350;30;3,031089;0,2598076;1;1,515544;0,105;1,323224;0,230464;1,546942;0,1695272;-0,2237182;0,06093681
1;1083966985;5;5;1;STRECHED;STANDING;SIX;False;350;30;3,031089;0,2598076;1;1,515544;0,105;1,569645;0,1457866;1,52485;0,1873268;0,04479516;-0,04154027
1;1083966985;5;5;2;STRECHED;STANDING;SIX;True;350;30;3,031089;0,2598076;2;-1,515544;0,105;-1,435209;0,04654098;-1,481936;-0,01798654;0,04672754;0,06452751
1;1083966985;5;5;2;STRECHED;STANDING;SIX;False;350;30;3,031089;0,2598076;2;-1,515544;0,105;-1,529915;0,01420277;-1,419971;0,05321264;-0,1099441;-0,03900987
1;965346738;6;0;0;APPLIED;STANDING;SIX;True;350;15;3,031089;0,1299038;0;0;2,73;0,03949219;2,515375;0,04337335;2,553069;-0,003881156;-0,03769422
1;965346738;6;0;0;APPLIED;STANDING;SIX;False;350;15;3,031089;0,1299038;0;0;2,73;-0,01159263;2,757275;0,02616268;2,709889;-0,03775531;0,04738569
1;965346738;6;0;1;APPLIED;STANDING;SIX;True;350;15;3,031089;0,1299038;1;1,515544;0,105;1,797622;-0,1079087;1,653269;0,04293388;0,1443523;-0,1508426
1;965346738;6;0;1;APPLIED;STANDING;SIX;False;350;15;3,031089;0,1299038;1;1,515544;0,105;1,522275;0,1091507;1,561896;0,1874957;-0,03962183;-0,078345
1;965346738;6;0;2;APPLIED;STANDING;SIX;True;350;15;3,031089;0,1299038;2;-1,515544;0,105;-1,579132;-0,1199682;-1,433061;-0,04509091;-0,1460717;-0,07487726
1;965346738;6;0;2;APPLIED;STANDING;SIX;False;350;15;3,031089;0,1299038;2;-1,515544;0,105;-1,511359;0,08726263;-1,352651;0,1540902;-0,1587083;-0,06682754
1;966591923;6;1;0;APPLIED;STANDING;SIX;True;350;30;3,031089;0,2598076;0;0;2,73;0,5128389;2,837279;0,3638622;2,811975;0,1489767;0,0253036
1;966591923;6;1;0;APPLIED;STANDING;SIX;False;350;30;3,031089;0,2598076;0;0;2,73;-0,007526606;2,800358;0,08271688;2,802598;-0,09024349;-0,002240181
1;966591923;6;1;1;APPLIED;STANDING;SIX;True;350;30;3,031089;0,2598076;1;1,515544;0,105;1,72229;0,1286945;1,701061;0,1223705;0,02122879;0,006323934
1;966591923;6;1;1;APPLIED;STANDING;SIX;False;350;30;3,031089;0,2598076;1;1,515544;0,105;1,506202;0,1751107;1,464545;0,1819949;0,04165649;-0,006884217
1;966591923;6;1;2;APPLIED;STANDING;SIX;True;350;30;3,031089;0,2598076;2;-1,515544;0,105;-1,250585;0,1294245;-1,634151;0,1316108;0,3835659;-0,002186358
1;966591923;6;1;2;APPLIED;STANDING;SIX;False;350;30;3,031089;0,2598076;2;-1,515544;0,105;-1,577988;0,113429;-1,420242;0,2090566;-0,1577462;-0,09562761
1;967837108;6;2;0;APPLIED;STANDING;SIX;True;150;50;1,299038;0,4330127;0;0;1,73;0,0584566;1,799588;0,08018994;1,763832;-0,02173334;0,03575552
1;967837108;6;2;0;APPLIED;STANDING;SIX;False;150;50;1,299038;0,4330127;0;0;1,73;-0,08670476;1,843655;-0,04694527;1,879998;-0,03975949;-0,0363431
1;967837108;6;2;1;APPLIED;STANDING;SIX;True;150;50;1,299038;0,4330127;1;0,649519;0,605;1,056585;0,4847361;0,8207376;0,5857945;0,2358474;-0,1010584
1;967837108;6;2;1;APPLIED;STANDING;SIX;False;150;50;1,299038;0,4330127;1;0,649519;0,605;0,6503499;0,6925628;0,6835716;0,7090755;-0,03322178;-0,01651269
1;967837108;6;2;2;APPLIED;STANDING;SIX;True;150;50;1,299038;0,4330127;2;-0,649519;0,605;-0,6804237;0,5925838;-0,6557931;0,6384984;-0,02463067;-0,04591459
1;967837108;6;2;2;APPLIED;STANDING;SIX;False;150;50;1,299038;0,4330127;2;-0,649519;0,605;-0,5967112;0,6223055;-0,58935;0,6226078;-0,007361174;-0,0003023148
1;969082293;6;3;0;APPLIED;STANDING;SIX;True;350;50;3,031089;0,4330127;0;0;2,73;0,1414521;2,284914;0,02730843;2,471912;0,1141437;-0,1869986
1;969082293;6;3;0;APPLIED;STANDING;SIX;False;350;50;3,031089;0,4330127;0;0;2,73;0,03192595;2,834819;-0,003778607;2,802924;0,03570455;0,03189492
1;969082293;6;3;1;APPLIED;STANDING;SIX;True;350;50;3,031089;0,4330127;1;1,515544;0,105;1,287523;0,4033508;1,519773;0,2808404;-0,2322502;0,1225104
1;969082293;6;3;1;APPLIED;STANDING;SIX;False;350;50;3,031089;0,4330127;1;1,515544;0,105;1,537564;0,1909779;1,524896;0,211782;0,01266718;-0,02080411
1;969082293;6;3;2;APPLIED;STANDING;SIX;True;350;50;3,031089;0,4330127;2;-1,515544;0,105;-1,411538;0,08719397;-1,24999;0,1338383;-0,1615471;-0,04664433
1;969082293;6;3;2;APPLIED;STANDING;SIX;False;350;50;3,031089;0,4330127;2;-1,515544;0,105;-1,592955;0,2093599;-1,452788;0,3201579;-0,1401671;-0,110798
1;970327478;6;4;0;APPLIED;STANDING;SIX;True;150;30;1,299038;0,2598076;0;0;1,73;-0,2117077;2,059499;-0,1732166;1,960013;-0,03849107;0,0994854
1;970327478;6;4;0;APPLIED;STANDING;SIX;False;150;30;1,299038;0,2598076;0;0;1,73;0,0002663434;1,81202;0,07771164;1,828953;-0,0774453;-0,01693273
1;970327478;6;4;1;APPLIED;STANDING;SIX;True;150;30;1,299038;0,2598076;1;0,649519;0,605;0,9011209;0,33724;0,7343546;0,6273333;0,1667663;-0,2900933
1;970327478;6;4;1;APPLIED;STANDING;SIX;False;150;30;1,299038;0,2598076;1;0,649519;0,605;0,7342765;0,6039653;0,7124677;0,5876824;0,02180886;0,01628292
1;970327478;6;4;2;APPLIED;STANDING;SIX;True;150;30;1,299038;0,2598076;2;-0,649519;0,605;-1,003828;0,5230012;-0,843654;0,6662077;-0,1601741;-0,1432065
1;970327478;6;4;2;APPLIED;STANDING;SIX;False;150;30;1,299038;0,2598076;2;-0,649519;0,605;-0,6856798;0,5399345;-0,6066175;0,5693802;-0,07906234;-0,02944565
1;971572663;6;5;0;APPLIED;STANDING;SIX;True;150;15;1,299038;0,1299038;0;0;1,73;-0,02362248;1,728806;0,1182867;1,689019;-0,1419092;0,03978729
1;971572663;6;5;0;APPLIED;STANDING;SIX;False;150;15;1,299038;0,1299038;0;0;1,73;0,01590067;1,741901;0,04744953;1,753669;-0,03154886;-0,0117687
1;971572663;6;5;1;APPLIED;STANDING;SIX;True;150;15;1,299038;0,1299038;1;0,649519;0,605;0,6804429;0,5096777;0,7048359;0,5128251;-0,02439296;-0,003147423
1;971572663;6;5;1;APPLIED;STANDING;SIX;False;150;15;1,299038;0,1299038;1;0,649519;0,605;0,6852309;0,6546919;0,7171223;0,6441265;-0,03189147;0,01056546
1;971572663;6;5;2;APPLIED;STANDING;SIX;True;150;15;1,299038;0,1299038;2;-0,649519;0,605;-0,6541374;0,5573671;-0,5637351;0,6206654;-0,09040225;-0,06329829
1;971572663;6;5;2;APPLIED;STANDING;SIX;False;150;15;1,299038;0,1299038;2;-0,649519;0,605;-0,6095958;0,6053749;-0,5519246;0,6695969;-0,05767119;-0,06422192
1;1294730890;7;0;0;STRECHED;STANDING;THREE;True;350;50;3,031089;0,4330127;0;0;2,73;-0,01027602;2,780115;-0,007375151;2,896448;-0,002900869;-0,116333
1;1294730890;7;0;0;STRECHED;STANDING;THREE;False;350;50;3,031089;0,4330127;0;0;2,73;0,005253017;2,645451;-0,02278161;2,694832;0,02803463;-0,04938078
1;1294730890;7;0;1;STRECHED;STANDING;THREE;True;350;50;3,031089;0,4330127;1;1,515544;0,105;1,657237;0,4070985;1,654143;0,4699005;0,003093481;-0,06280208
1;1294730890;7;0;1;STRECHED;STANDING;THREE;False;350;50;3,031089;0,4330127;1;1,515544;0,105;1,476962;0,2040395;1,485167;0,2657411;-0,008204818;-0,06170166
1;1294730890;7;0;2;STRECHED;STANDING;THREE;True;350;50;3,031089;0,4330127;2;-1,515544;0,105;-1,619088;0,14004;-1,468866;0,2026338;-0,1502217;-0,06259382
1;1294730890;7;0;2;STRECHED;STANDING;THREE;False;350;50;3,031089;0,4330127;2;-1,515544;0,105;-1,558258;0,08851224;-1,43418;0,1788859;-0,1240777;-0,09037364
1;1296172683;7;1;0;STRECHED;STANDING;THREE;True;150;15;1,299038;0,1299038;0;0;1,73;-0,04980013;1,356794;-0,1179336;1,50976;0,06813344;-0,1529664
1;1296172683;7;1;0;STRECHED;STANDING;THREE;False;150;15;1,299038;0,1299038;0;0;1,73;-0,007606357;1,754623;-0,02930385;1,81638;0,02169749;-0,06175709
1;1296172683;7;1;1;STRECHED;STANDING;THREE;True;150;15;1,299038;0,1299038;1;0,649519;0,605;0,7317485;0,4591858;0,615957;0,6090972;0,1157915;-0,1499114
1;1296172683;7;1;1;STRECHED;STANDING;THREE;False;150;15;1,299038;0,1299038;1;0,649519;0,605;0,6668859;0,6195217;0,6790928;0,6713704;-0,01220691;-0,05184871
1;1296172683;7;1;2;STRECHED;STANDING;THREE;True;150;15;1,299038;0,1299038;2;-0,649519;0,605;-0,8383896;0,5761574;-0,7451688;0,7534719;-0,09322083;-0,1773145
1;1296172683;7;1;2;STRECHED;STANDING;THREE;False;150;15;1,299038;0,1299038;2;-0,649519;0,605;-0,6638107;0,5974575;-0,5888118;0,6698875;-0,07499892;-0,07243001
1;1297614476;7;2;0;STRECHED;STANDING;THREE;True;350;30;3,031089;0,2598076;0;0;2,73;0,1556837;2,31999;0,0597693;2,273448;0,09591442;0,04654241
1;1297614476;7;2;0;STRECHED;STANDING;THREE;False;350;30;3,031089;0,2598076;0;0;2,73;-0,02167389;2,731191;0,02150205;2,694984;-0,04317594;0,03620672
1;1297614476;7;2;1;STRECHED;STANDING;THREE;True;350;30;3,031089;0,2598076;1;1,515544;0,105;1,427685;0,355539;1,461217;0,3127646;-0,03353226;0,04277438
1;1297614476;7;2;1;STRECHED;STANDING;THREE;False;350;30;3,031089;0,2598076;1;1,515544;0,105;1,494669;0,0853821;1,532013;0,1635373;-0,03734457;-0,07815522
1;1297614476;7;2;2;STRECHED;STANDING;THREE;True;350;30;3,031089;0,2598076;2;-1,515544;0,105;-1,477893;0,1832905;-1,336263;0,2406591;-0,1416305;-0,05736852
1;1297614476;7;2;2;STRECHED;STANDING;THREE;False;350;30;3,031089;0,2598076;2;-1,515544;0,105;-1,455793;0,1347228;-1,43642;0,1577488;-0,01937342;-0,02302599
1;1299056269;7;3;0;STRECHED;STANDING;THREE;True;150;30;1,299038;0,2598076;0;0;1,73;0,2691335;1,863759;0,2083722;1,828893;0,06076124;0,03486538
1;1299056269;7;3;0;STRECHED;STANDING;THREE;False;150;30;1,299038;0,2598076;0;0;1,73;-0,0544644;1,787327;-0,03208035;1,73611;-0,02238405;0,0512166
1;1299056269;7;3;1;STRECHED;STANDING;THREE;True;150;30;1,299038;0,2598076;1;0,649519;0,605;0,5597311;0,8080021;0,681303;0,8029352;-0,1215719;0,005066812
1;1299056269;7;3;1;STRECHED;STANDING;THREE;False;150;30;1,299038;0,2598076;1;0,649519;0,605;0,6835688;0,594645;0,7176003;0,6366391;-0,03403151;-0,04199415
1;1299056269;7;3;2;STRECHED;STANDING;THREE;True;150;30;1,299038;0,2598076;2;-0,649519;0,605;-0,6113672;0,6163327;-0,6082955;0,6547176;-0,003071725;-0,03838491
1;1299056269;7;3;2;STRECHED;STANDING;THREE;False;150;30;1,299038;0,2598076;2;-0,649519;0,605;-0,674134;0,6570604;-0,5789446;0,7296543;-0,09518939;-0,07259387
1;1300498062;7;4;0;STRECHED;STANDING;THREE;True;350;15;3,031089;0,1299038;0;0;2,73;0,2995304;2,472993;0,2527117;2,521712;0,04681879;-0,04871845
1;1300498062;7;4;0;STRECHED;STANDING;THREE;False;350;15;3,031089;0,1299038;0;0;2,73;0,0001256466;2,735535;0,02721211;2,552394;-0,02708647;0,1831408
1;1300498062;7;4;1;STRECHED;STANDING;THREE;True;350;15;3,031089;0,1299038;1;1,515544;0,105;1,512178;0,1249298;1,647256;0,09556979;-0,1350781;0,02936
1;1300498062;7;4;1;STRECHED;STANDING;THREE;False;350;15;3,031089;0,1299038;1;1,515544;0,105;1,4992;0,1383862;1,502894;0,2542617;-0,003694296;-0,1158755
1;1300498062;7;4;2;STRECHED;STANDING;THREE;True;350;15;3,031089;0,1299038;2;-1,515544;0,105;-1,37162;0,1265038;-1,323041;0,1839654;-0,04857874;-0,05746162
1;1300498062;7;4;2;STRECHED;STANDING;THREE;False;350;15;3,031089;0,1299038;2;-1,515544;0,105;-1,564696;0,1335208;-1,517136;0,2534568;-0,04755986;-0,1199359
1;1301939855;7;5;0;STRECHED;STANDING;THREE;True;150;50;1,299038;0,4330127;0;0;1,73;0,2579172;1,740661;0,1664569;1,795096;0,09146029;-0,05443561
1;1301939855;7;5;0;STRECHED;STANDING;THREE;False;150;50;1,299038;0,4330127;0;0;1,73;0,15007;1,716439;0,0843004;1,749045;0,06576963;-0,03260589
1;1301939855;7;5;1;STRECHED;STANDING;THREE;True;150;50;1,299038;0,4330127;1;0,649519;0,605;0,7764959;0,5837457;0,7552121;0,4676061;0,02128386;0,1161396
1;1301939855;7;5;1;STRECHED;STANDING;THREE;False;150;50;1,299038;0,4330127;1;0,649519;0,605;0,7312005;0,5816876;0,7493416;0,764297;-0,01814115;-0,1826094
1;1301939855;7;5;2;STRECHED;STANDING;THREE;True;150;50;1,299038;0,4330127;2;-0,649519;0,605;-0,3705905;0,7550424;-0,4946822;0,8618522;0,1240917;-0,1068097
1;1301939855;7;5;2;STRECHED;STANDING;THREE;False;150;50;1,299038;0,4330127;2;-0,649519;0,605;-0,7326789;0,6619081;-0,7259604;0,6989413;-0,006718516;-0,03703314
