Position.x;Position.y;Position.z;Rotation.x;Rotation.y;Rotation.z
0,4391669;0,8014848;0,6862475;345,9065;17,36971;359,0872
0,4390506;0,801541;0,6861396;345,8942;17,36987;359,0879
0,4390337;0,8015058;0,6861704;345,8918;17,3644;359,0911
0,4390376;0,8014857;0,6861442;345,8973;17,37258;359,0863
0,438984;0,8014013;0,6862466;345,9083;17,36841;359,0795
0,4389826;0,8013752;0,6862689;345,9064;17,36755;359,0809
0,4389812;0,8013514;0,686272;345,9065;17,36976;359,0811
0,439141;0,8013943;0,6863134;345,9135;17,37384;359,0881
0,4387738;0,8012173;0,6860883;345,892;17,36951;359,0899
0,4387665;0,8012179;0,6860923;345,8876;17,37162;359,0884
0,4388946;0,8013266;0,6860812;345,8986;17,37502;359,0927
0,4389591;0,8013298;0,6861007;345,8916;17,36755;359,0891
0,4389668;0,8013079;0,6860968;345,8945;17,36899;359,0923
0,4388021;0,801308;0,6861923;345,8998;17,3627;359,106
0,4387816;0,8012772;0,6861726;345,8998;17,36135;359,102
0,4387662;0,8012654;0,68616;345,8999;17,3591;359,1055
0,4389734;0,8012794;0,6860448;345,9047;17,36834;359,1053
0,4385947;0,8011264;0,6857798;345,8882;17,36695;359,11
0,4385685;0,8010904;0,6857439;345,8871;17,36428;359,115
0,4386491;0,8014237;0,6859968;345,9023;17,36321;359,1209
0,438671;0,8010727;0,6860805;345,9077;17,35962;359,1106
0,4386584;0,8010439;0,6860516;345,9081;17,36152;359,1107
0,4388424;0,8011749;0,6860317;345,915;17,37321;359,1083
0,4388393;0,8012559;0,6859515;345,8988;17,36563;359,1114
0,4388238;0,8012508;0,6859448;345,9025;17,35945;359,1134
0,4389436;0,8014446;0,6860711;345,9194;17,36464;359,1167
0,4387857;0,801211;0,685984;345,9104;17,3685;359,1085
0,4387783;0,8011973;0,6859639;345,9087;17,36687;359,1046
0,4390692;0,8015391;0,6862197;345,9164;17,36074;359,1121
0,4390783;0,8015303;0,6862338;345,9211;17,36021;359,1084
0,4390771;0,8015438;0,6862408;345,9173;17,35939;359,1005
0,4392087;0,8017011;0,686335;345,9328;17,36157;359,1079
0,4389893;0,8015929;0,6862145;345,9095;17,36252;359,0999
0,4389877;0,8015684;0,6862162;345,9111;17,36607;359,0987
0,4391063;0,8017004;0,6862754;345,9307;17,36372;359,1043
0,439176;0,8016855;0,6863177;345,9225;17,36215;359,0995
0,4391851;0,8016751;0,6863275;345,9205;17,36618;359,0928
0,4391401;0,8016025;0,6863438;345,9205;17,36221;359,0908
0,4391554;0,8015988;0,686357;345,9186;17,36422;359,0865
0,4391453;0,801587;0,6863811;345,9157;17,36007;359,0916
0,4389975;0,8014562;0,6860487;345,8925;17,3688;359,0874
0,4389907;0,8014392;0,6859986;345,8897;17,36895;359,0941
0,4389827;0,8014959;0,6859911;345,8994;17,37103;359,0974
0,4390814;0,8017567;0,6862181;345,9145;17,37453;359,0894
0,4390321;0,8014426;0,6863179;345,9176;17,36918;359,0811
0,4390225;0,8014386;0,6863104;345,9117;17,3696;359,0697
0,4388362;0,801658;0,686191;345,8974;17,36756;359,0795
0,4388058;0,801595;0,6861786;345,8979;17,36618;359,0996
0,4387771;0,8016476;0,6861932;345,9001;17,36496;359,0963
0,4393861;0,801537;0,6865623;345,9297;17,37256;359,0749
0,4394002;0,8014706;0,686602;345,9301;17,3712;359,0784
0,439414;0,8014289;0,6866143;345,9302;17,36657;359,083
0,4390287;0,8017482;0,6864786;345,9091;17,36025;359,1074
0,439014;0,8017235;0,686515;345,9103;17,35728;359,116
0,4389884;0,8017268;0,6865519;345,9127;17,35142;359,1102
0,4389502;0,8014657;0,6859138;345,895;17,37616;359,0928
0,4389352;0,8014603;0,6858829;345,8937;17,37098;359,0956
0,4389403;0,8014483;0,6858388;345,8959;17,37617;359,0967
0,4389958;0,8014119;0,686301;345,9185;17,3653;359,1059
0,4389871;0,8013987;0,6863017;345,9163;17,36481;359,1003
0,4389934;0,8013763;0,6863066;345,9185;17,36915;359,0968
0,4386992;0,8013785;0,6860089;345,9082;17,37219;359,1028
0,4386511;0,8014032;0,6859949;345,9003;17,36319;359,1055
0,4386535;0,8014097;0,6859821;345,9048;17,37027;359,0974
0,4387696;0,8015671;0,6860157;345,9167;17,37386;359,1015
0,4386591;0,8011704;0,6859978;345,9067;17,37407;359,093
0,4386352;0,8010543;0,6859214;345,8982;17,36256;359,1055
0,4387544;0,8014003;0,6860642;345,916;17,36427;359,136
0,4387072;0,8011503;0,6861769;345,9161;17,37387;359,0948
0,4387334;0,8011222;0,6862643;345,9269;17,36983;359,0805
0,4387332;0,8011486;0,686229;345,9239;17,37336;359,0739
0,4388281;0,8014531;0,6865408;345,939;17,37186;359,0824
0,4383816;0,8012952;0,6862614;345,9169;17,3669;359,0816
0,4383593;0,8013194;0,6862657;345,9099;17,36752;359,0891
0,438934;0,8005028;0,6849311;345,8877;17,43147;359,0344
0,4386641;0,8003252;0,6846315;345,8636;17,43158;359,0297
0,438814;0,8008941;0,6865388;345,9527;17,3664;359,0697
0,4388163;0,8008585;0,686604;345,9519;17,36848;359,0728
0,4388266;0,8007843;0,6866897;345,9578;17,36817;359,0709
0,4382197;0,8006621;0,6853496;345,8904;17,39318;359,0623
0,4382101;0,800671;0,685293;345,8872;17,39523;359,0666
0,4381987;0,800647;0,6852549;345,8909;17,39593;359,0728
0,4388284;0,8008506;0,686146;345,9473;17,38687;359,0701
0,4388362;0,8008282;0,6861615;345,9452;17,38587;359,0678
0,4388323;0,8007877;0,6861936;345,9469;17,3774;359,0726
0,4387847;0,8013275;0,6864448;345,9417;17,36416;359,0905
0,4387683;0,8013507;0,6864775;345,9408;17,36455;359,0941
0,4390899;0,8011587;0,6860546;345,9411;17,38998;359,0828
0,4389027;0,801474;0,6857932;345,9093;17,37407;359,0873
0,438908;0,8014958;0,6857481;345,9102;17,38288;359,0843
0,4388667;0,8014766;0,6857025;345,9123;17,37205;359,0854
0,4387736;0,8011503;0,6861405;345,9443;17,36938;359,0849
0,43879;0,8011563;0,6861653;345,9431;17,37132;359,0893
0,4387896;0,8011649;0,6861885;345,9389;17,37005;359,0914
0,4389153;0,8014962;0,6864038;345,9441;17,35223;359,1036
0,4389228;0,8015319;0,6864312;345,9441;17,3555;359,091
0,4389269;0,8015494;0,6864587;345,9443;17,36069;359,0843
0,4390078;0,8015092;0,6858411;345,9176;17,37511;359,0692
0,4390255;0,8015124;0,6858071;345,9191;17,37827;359,0673
0,4390353;0,8015121;0,6857661;345,9163;17,37707;359,0708
0,439212;0,8014171;0,686456;345,9553;17,37221;359,0667
0,4392155;0,8014037;0,6865038;345,9555;17,37098;359,0632
0,4392383;0,8013881;0,6865551;345,9534;17,37258;359,0641
0,4389892;0,8015404;0,6863064;345,9381;17,37556;359,057
0,4389834;0,8015663;0,6863143;345,9341;17,37739;359,0613
0,4389657;0,8015665;0,6863332;345,9383;17,37149;359,068
0,4391363;0,8015356;0,6859261;345,9182;17,38463;359,0533
0,4391546;0,801543;0,6859117;345,9186;17,3848;359,0531
0,4391668;0,8015445;0,6858847;345,9166;17,38566;359,0509
0,4390361;0,8013527;0,6863892;345,9524;17,37376;359,059
0,4390531;0,8013356;0,6864203;345,9528;17,37345;359,0631
0,4390678;0,8013192;0,6864748;345,9569;17,37157;359,0638
0,4387739;0,8013352;0,6860461;345,9288;17,38235;359,0632
0,4387584;0,801343;0,6860468;345,9291;17,38073;359,0667
0,4387577;0,8013484;0,6860411;345,9294;17,38478;359,0682
0,4388869;0,8012064;0,6859667;345,9309;17,39097;359,0586
0,4388928;0,8012073;0,6859712;345,9309;17,3911;359,0622
0,4389167;0,8015141;0,686344;345,9581;17,37755;359,0802
0,4388634;0,8012555;0,6864057;345,953;17,37796;359,075
0,4388508;0,8012397;0,686453;345,9529;17,37548;359,0793
0,4388437;0,8012142;0,6865039;345,9565;17,37349;359,082
0,4385805;0,8010582;0,6858687;345,9233;17,39218;359,073
0,4385567;0,8010576;0,6858681;345,9258;17,38059;359,0756
0,4386725;0,8013366;0,6860689;345,9394;17,38313;359,0877
0,4390815;0,8014451;0,6862751;345,9436;17,37946;359,0789
0,4390812;0,8014401;0,6862931;345,9458;17,37578;359,081
0,4390913;0,8014293;0,6863168;345,9465;17,37768;359,0785
0,4389565;0,8014207;0,686373;345,9432;17,37109;359,0811
0,4389573;0,8014281;0,6863875;345,9376;17,37033;359,0845
0,4389845;0,8014165;0,6864115;345,9396;17,37775;359,0729
0,4390724;0,8014734;0,6859457;345,9221;17,38425;359,0735
0,4390935;0,8014684;0,685918;345,925;17,38662;359,0655
0,4391052;0,8014742;0,6858816;345,9249;17,38661;359,0707
0,4389567;0,8013239;0,6861651;345,9391;17,37918;359,0741
0,4389604;0,8013195;0,6861603;345,9399;17,37854;359,0718
0,4391166;0,8015021;0,686273;345,9461;17,38142;359,0721
0,4390734;0,8015701;0,6862299;345,9294;17,37454;359,069
0,4390815;0,8015792;0,6862399;345,9329;17,37363;359,0737
0,4391003;0,8015797;0,6862557;345,9371;17,37759;359,0668
0,439333;0,8016732;0,686125;345,9274;17,37947;359,0565
0,43938;0,8016698;0,6861065;345,9252;17,38295;359,0609
0,4394062;0,8016682;0,6861008;345,9312;17,38171;359,0629
0,4395104;0,8019323;0,6865642;345,9452;17,37281;359,0703
0,4395133;0,8019133;0,6866074;345,9495;17,36607;359,0767
0,4396563;0,801913;0,6865383;345,9496;17,37912;359,0697
0,439676;0,8019148;0,6865624;345,95;17,37731;359,0685
0,4395021;0,8020517;0,6863772;345,924;17,36989;359,075
0,4395052;0,8020593;0,6863908;345,9239;17,3679;359,0733
0,439742;0,8019443;0,686353;345,9296;17,36876;359,07
0,4397738;0,8019578;0,6863544;345,9278;17,37114;359,0723
0,4398148;0,8019644;0,6863564;345,9341;17,37347;359,0742
0,4395611;0,8019664;0,6864704;345,9311;17,36098;359,0818
0,4395845;0,8019719;0,6864916;345,9354;17,36512;359,0819
0,4396012;0,8019708;0,6864977;345,9322;17,36519;359,0822
0,4393073;0,8018519;0,6861817;345,9129;17,36579;359,0805
0,4393017;0,8018708;0,686166;345,9125;17,36577;359,0873
0,4393014;0,8019014;0,6861563;345,9115;17,36983;359,0847
0,4397559;0,802034;0,6864513;345,9276;17,36129;359,0899
0,4397773;0,802037;0,6864735;345,9287;17,36261;359,0888
0,4397954;0,8020516;0,6864885;345,9304;17,36295;359,091
0,4395477;0,8020715;0,6864445;345,9209;17,36402;359,0939
0,4395436;0,8020791;0,686463;345,9236;17,36149;359,0966
0,4395459;0,8020879;0,6864775;345,9255;17,36391;359,0945
0,4393661;0,8019152;0,6862105;345,9117;17,37076;359,0855
0,4393541;0,8019292;0,6862061;345,9098;17,36717;359,0881
0,439368;0,8019379;0,6861876;345,9129;17,37369;359,086
0,4393679;0,80213;0,6863897;345,9247;17,36584;359,0931
0,4392673;0,8018217;0,6864293;345,9188;17,36952;359,0858
0,4392471;0,8018125;0,6864592;345,9207;17,36744;359,0869
0,4393863;0,8018703;0,6864463;345,9293;17,3737;359,0822
0,4391052;0,8016704;0,6863209;345,9156;17,37261;359,0789
0,4390859;0,8016665;0,6863314;345,9158;17,36968;359,0768
0,4390722;0,8016709;0,6863389;345,9134;17,3718;359,08
0,4389052;0,8014231;0,6860096;345,9019;17,38555;359,0641
0,4388784;0,8014082;0,6859993;345,9051;17,38204;359,0716
0,4388416;0,8013771;0,686206;345,9108;17,38128;359,0675
0,4388246;0,8013521;0,6862272;345,9148;17,37932;359,0701
0,4388182;0,8013318;0,6862429;345,9134;17,3788;359,0692
0,4387102;0,8011288;0,6860822;345,9045;17,39019;359,0576
0,4386941;0,8010988;0,6860917;345,907;17,38614;359,0586
0,4386846;0,8010873;0,6860825;345,903;17,39031;359,054
0,4388173;0,8013352;0,686247;345,9194;17,38704;359,062
0,4388142;0,801375;0,6862256;345,9027;17,38137;359,0654
0,4387932;0,801366;0,6862321;345,9031;17,3778;359,0659
0,4389414;0,8014694;0,6862465;345,9096;17,38375;359,0676
0,4387242;0,8012206;0,6861684;345,9043;17,37733;359,0652
0,4387103;0,8012139;0,686161;345,8961;17,38278;359,0633
0,4387801;0,8010996;0,6860518;345,8977;17,39516;359,0509
0,4387618;0,8010581;0,6860487;345,8997;17,38969;359,0534
0,4387639;0,8010161;0,686046;345,9037;17,39198;359,0576
0,4388684;0,8012055;0,6861806;345,9007;17,38578;359,0592
0,4388527;0,8011891;0,6861807;345,9003;17,38394;359,0626
0,438837;0,80117;0,6861777;345,9014;17,38378;359,0654
0,4390037;0,8013786;0,6861092;345,8962;17,38189;359,0663
0,4389921;0,8013662;0,6860912;345,8961;17,37934;359,0699
0,4391122;0,8014675;0,6861367;345,909;17,38549;359,069
0,4391286;0,801523;0,686095;345,8976;17,37815;359,0688
0,4391366;0,8015153;0,6860658;345,9012;17,3838;359,0691
0,4391228;0,8015205;0,6860336;345,898;17,38207;359,0675
0,4392227;0,8016734;0,6862131;345,9027;17,37356;359,0751
0,4392177;0,8016758;0,6862117;345,9066;17,37401;359,0788
0,4392257;0,8016905;0,6862092;345,907;17,37737;359,0741
0,4393281;0,8017927;0,6862844;345,9161;17,36712;359,0784
0,4393461;0,8018094;0,6862738;345,9131;17,37359;359,073
0,4393928;0,8018893;0,6862971;345,9198;17,37237;359,0753
0,4394424;0,8019153;0,6863045;345,9109;17,36777;359,0723
0,4394332;0,8019289;0,6863064;345,9073;17,36444;359,076
0,4394422;0,8019419;0,6863043;345,9096;17,36848;359,0714
0,4395313;0,8020077;0,6863945;345,9158;17,36771;359,0768
0,4395213;0,8020118;0,6864078;345,9159;17,36263;359,0767
0,439532;0,802016;0,6864197;345,9138;17,36428;359,0757
0,4396064;0,802035;0,6863897;345,9103;17,36321;359,0743
0,4396163;0,8020325;0,6864032;345,9124;17,36157;359,0719
0,4396316;0,8020549;0,6864064;345,9105;17,36677;359,0693
0,4396936;0,8020832;0,6864191;345,9044;17,36308;359,0691
0,4397226;0,8020645;0,6864448;345,9121;17,36559;359,0717
0,4397316;0,8020597;0,6864677;345,9104;17,36315;359,0761
0,4397705;0,8021315;0,6865543;345,9235;17,36304;359,0835
0,4395602;0,8019719;0,6864479;345,9105;17,3644;359,0732
0,4395565;0,8019795;0,6864567;345,9085;17,3633;359,076
0,4396061;0,8020595;0,6865287;345,9187;17,37003;359,0844
0,4394065;0,8020248;0,6864172;345,9018;17,36429;359,0828
0,4394118;0,802028;0,6864443;345,9065;17,36534;359,091
0,4392617;0,8018402;0,6864558;345,908;17,3622;359,0844
0,4392484;0,8018484;0,6864747;345,9056;17,36196;359,0914
0,4392446;0,8018387;0,6864911;345,9102;17,36584;359,0851
0,4392245;0,8017107;0,6862599;345,8923;17,36784;359,0825
0,4392233;0,8016964;0,686269;345,894;17,36763;359,09
0,4392331;0,80167;0,6862771;345,8981;17,37207;359,0848
0,4393219;0,8016843;0,6862266;345,9043;17,3819;359,0811
0,4390491;0,8014709;0,6861022;345,8912;17,37122;359,0847
0,4390544;0,801468;0,6860813;345,8884;17,37301;359,0792
0,4389589;0,8013653;0,6860791;345,8886;17,37577;359,0834
0,4389411;0,8013371;0,6860689;345,8927;17,3735;359,0811
0,4389339;0,8013185;0,6860567;345,8958;17,37555;359,0801
0,439011;0,801448;0,6861346;345,9094;17,38119;359,0783
0,4387959;0,8012129;0,6860635;345,9004;17,37685;359,0783
0,4387822;0,8011936;0,6860636;345,9061;17,37867;359,071
0,4388816;0,801415;0,6861627;345,9061;17,37696;359,0685
0,4388688;0,8013873;0,6861794;345,9117;17,37845;359,0703
0,4388447;0,8013913;0,6861913;345,9088;17,37895;359,07
0,4390707;0,8015479;0,6862593;345,9091;17,38099;359,0673
0,4390498;0,8014991;0,68628;345,9218;17,37803;359,0654
0,4390431;0,8015001;0,6862892;345,9163;17,38145;359,0669
0,4389701;0,8014194;0,6862743;345,9151;17,38243;359,0666
0,4389628;0,8013954;0,6862783;345,9194;17,38325;359,0688
0,4389436;0,8013568;0,6862675;345,9187;17,37927;359,0749
0,4390565;0,8013535;0,6862041;345,9336;17,38395;359,0831
0,4389141;0,8013399;0,6860766;345,9146;17,37746;359,0918
0,4388982;0,8013245;0,6860533;345,9074;17,37621;359,0988
0,4387972;0,8012373;0,6861008;345,9155;17,37419;359,1017
0,4387804;0,8012034;0,6860747;345,9142;17,37507;359,1108
0,4387684;0,8011697;0,6860627;345,9156;17,37639;359,121
0,4388725;0,8013296;0,6861529;345,9275;17,37393;359,1303
0,4386169;0,8011842;0,6860214;345,913;17,37737;359,1172
0,438594;0,8011559;0,6859932;345,9176;17,37542;359,1157
0,4388148;0,8013676;0,6860945;345,9244;17,3653;359,1346
0,4388047;0,8013573;0,6860487;345,9212;17,36894;359,1364
0,4387976;0,8013399;0,686027;345,9247;17,3728;359,142
0,4388008;0,8012875;0,6860158;345,9263;17,37515;359,1376
0,4387841;0,8012764;0,6860069;345,9226;17,37002;359,1334
0,4387825;0,8012493;0,6859894;345,9261;17,37133;359,1312
0,4391336;0,8015253;0,6864266;345,9398;17,36401;359,1276
0,4391327;0,8014873;0,6864482;345,9436;17,3633;359,1321
0,4391448;0,8014762;0,6864626;345,9429;17,36753;359,1252
0,4393635;0,8014767;0,6863565;345,9503;17,38073;359,1151
0,4390682;0,8015452;0,6861179;345,9223;17,36889;359,1107
0,4390745;0,8015397;0,6860973;345,9235;17,37146;359,1031
0,4391421;0,8017232;0,6862618;345,9352;17,37242;359,1007
0,4389694;0,8014878;0,6862015;345,9261;17,36337;359,096
0,438979;0,8014798;0,6861942;345,9244;17,37237;359,0899
0,438894;0,8013953;0,6861252;345,9208;17,37061;359,0794
0,4388914;0,801369;0,6861174;345,9231;17,37582;359,0741
0,4388766;0,8013577;0,6861087;345,9273;17,37514;359,0715
0,4388502;0,8012856;0,6860797;345,9292;17,37831;359,0624
0,4388266;0,8012568;0,6860707;345,9279;17,37998;359,0646
0,438803;0,8011979;0,6860412;345,9202;17,37839;359,0643
0,4386968;0,8011665;0,6860148;345,9209;17,37267;359,0758
0,4386796;0,8012019;0,6860089;345,9199;17,3749;359,0768
0,4386759;0,8012081;0,6860551;345,9243;17,38027;359,058
0,4387583;0,8011804;0,686213;345,9335;17,38084;359,0449
0,4387362;0,8011641;0,6862004;345,934;17,38082;359,0519
0,438704;0,8011076;0,6861761;345,9301;17,38126;359,056
0,4384487;0,8010007;0,6855301;345,8987;17,39318;359,0616
0,4384283;0,8010039;0,6854795;345,9041;17,38882;359,0733
0,4384009;0,8010221;0,6854371;345,9009;17,38552;359,0798
0,4383475;0,8015964;0,6860763;345,93;17,36835;359,098
0,4386595;0,8010288;0,686489;345,9542;17,36893;359,0875
0,4386494;0,8010021;0,6865348;345,9522;17,36746;359,0922
0,4383097;0,8009059;0,6857924;345,9134;17,3847;359,0873
0,4382733;0,8008935;0,6857729;345,9128;17,37763;359,0993
0,4382539;0,8008869;0,6857495;345,9103;17,37938;359,0963
0,438817;0,8011575;0,6860069;345,9283;17,37416;359,103
0,4388194;0,8011316;0,6859915;345,9274;17,37464;359,0981
0,438821;0,8010978;0,6859816;345,9289;17,37731;359,0961
0,4390128;0,8014762;0,6864438;345,9402;17,35859;359,1119
0,4390087;0,8014506;0,6864694;345,9431;17,3603;359,112
0,4390025;0,8014334;0,686508;345,9425;17,3574;359,1201
0,4390188;0,8015835;0,6860854;345,9141;17,36191;359,1265
0,4390169;0,801598;0,686062;345,91;17,36454;359,1137
0,4390086;0,8015624;0,686044;345,9209;17,36364;359,0999
0,4389105;0,8013985;0,6861238;345,9211;17,37081;359,0944
0,4388878;0,8013646;0,6861004;345,9223;17,36462;359,0952
0,4388825;0,8013457;0,686089;345,9209;17,36646;359,0933
0,4388225;0,801375;0,6862493;345,9268;17,3625;359,0879
0,438799;0,8013733;0,6862597;345,9287;17,36086;359,0823
0,438789;0,8013591;0,6862636;345,9272;17,36473;359,0735
0,4388129;0,8013418;0,6858619;345,9089;17,3735;359,0662
0,438803;0,8013335;0,6858165;345,91;17,37009;359,0652
0,4388076;0,8013191;0,6857795;345,9071;17,37383;359,0705
0,438833;0,8009493;0,6861194;345,932;17,37075;359,0598
0,4388423;0,8009031;0,6861277;345,936;17,37164;359,0514
0,4388453;0,800856;0,6861272;345,934;17,37066;359,0484
0,4386292;0,8010247;0,68612;345,9264;17,36878;359,0524
0,4386008;0,8009938;0,6861309;345,9262;17,36559;359,0506
0,4385994;0,8009571;0,6861417;345,9265;17,36833;359,0513
0,4384658;0,8009367;0,6857761;345,9106;17,37512;359,0533
0,4384437;0,8009139;0,685758;345,9088;17,37289;359,0504
0,4384271;0,8008897;0,6857245;345,9024;17,37749;359,0519
0,4384977;0,8012421;0,6860751;345,9269;17,3683;359,0709
0,438492;0,8008938;0,6862;345,9314;17,3646;359,0651
0,4384605;0,8008613;0,6862011;345,9298;17,36719;359,0663
0,4382932;0,8008227;0,6858976;345,9114;17,37415;359,0647
0,4382638;0,8007904;0,6858902;345,9131;17,37496;359,0668
0,438226;0,8007609;0,6858652;345,9174;17,37325;359,0722
0,4382293;0,8007103;0,6858064;345,9185;17,38632;359,0663
0,4381807;0,8006948;0,6857849;345,9189;17,37455;359,0708
0,438175;0,8006787;0,6857574;345,9149;17,38329;359,0725
0,4383105;0,8007478;0,6860082;345,9327;17,37721;359,0736
0,4382931;0,8007243;0,6860086;345,9311;17,37236;359,0734
0,4382759;0,8006951;0,6860157;345,9308;17,37418;359,0805
0,4384699;0,8008961;0,6858748;345,9248;17,37938;359,077
0,4384514;0,800884;0,685859;345,9207;17,37718;359,0844
0,4384507;0,8008694;0,6858407;345,921;17,38174;359,0812
0,4384164;0,8008014;0,6859322;345,9302;17,38231;359,073
0,4384054;0,8007705;0,6859238;345,9318;17,3823;359,0729
0,4383938;0,8007563;0,6859221;345,9286;17,38214;359,0651
0,4387469;0,8010733;0,6861726;345,9427;17,3773;359,0632
0,4387447;0,8010668;0,6861885;345,9435;17,37773;359,0619
0,4387631;0,8010523;0,6862032;345,9408;17,38022;359,061
0,4389491;0,8011227;0,6861944;345,9468;17,38618;359,053
0,4386408;0,8011208;0,6859501;345,9222;17,38299;359,0565
0,4386222;0,8011414;0,6859224;345,9206;17,37991;359,0558
0,4387839;0,801358;0,6860366;345,9377;17,38318;359,0546
0,4386568;0,8010763;0,6860172;345,9286;17,37935;359,0543
0,4386804;0,8010858;0,6860075;345,9285;17,3899;359,0439
0,4388314;0,801333;0,6861792;345,9442;17,38705;359,0544
0,4385704;0,8011552;0,6860601;345,9242;17,38353;359,0495
0,4385595;0,8011637;0,6860798;345,9286;17,38627;359,0479
0,4388024;0,8012722;0,6860266;345,9369;17,39474;359,0466
0,4389319;0,801388;0,6860765;345,9285;17,38412;359,0415
0,438942;0,8013864;0,6860828;345,9283;17,38915;359,0427
0,4389886;0,8016019;0,6862666;345,9404;17,3848;359,0519
0,4391577;0,8016046;0,6863889;345,9383;17,37597;359,0569
0,4391633;0,801623;0,6864239;345,9365;17,37785;359,0602
0,4390886;0,8017021;0,6863033;345,9219;17,375;359,0642
0,439082;0,8017201;0,6863196;345,9214;17,37251;359,0668
0,4390752;0,8017539;0,6863333;345,921;17,37119;359,0648
0,4390715;0,8016676;0,6861781;345,9148;17,38313;359,0537
0,4390622;0,8016843;0,6861829;345,9127;17,37921;359,0657
0,4390721;0,8016991;0,6861882;345,9149;17,38013;359,0617
0,4391897;0,8018538;0,6862777;345,9297;17,38094;359,0708
0,4394292;0,8019115;0,6864014;345,9286;17,38008;359,0675
0,4394463;0,8019329;0,6864097;345,9273;17,38206;359,064
0,4395424;0,8019788;0,6864233;345,9337;17,3852;359,0666
0,439568;0,8019842;0,686439;345,9339;17,38243;359,0642
0,4393289;0,8018938;0,6862924;345,9145;17,37763;359,0672
0,4393502;0,801907;0,6863112;345,9178;17,37973;359,067
0,4394552;0,8019433;0,6862952;345,9299;17,38476;359,066
0,4394827;0,8019648;0,6863015;345,9284;17,38687;359,0622
0,4396234;0,8019736;0,6863662;345,9226;17,38232;359,0649
0,4397062;0,8021612;0,6865377;345,9332;17,37949;359,0692
0,4397843;0,8020824;0,686599;345,9268;17,38362;359,0652
0,4399088;0,8021251;0,6865948;345,9319;17,38286;359,0644
0,4398177;0,8022717;0,6864491;345,9113;17,37976;359,0631
0,4398258;0,8022968;0,6864488;345,9077;17,37266;359,0589
0,4396273;0,8021296;0,6863441;345,9098;17,37945;359,0619
0,4396383;0,802142;0,6863488;345,9097;17,37797;359,0633
0,4396726;0,802158;0,6863431;345,9093;17,38231;359,0613
0,4395257;0,8019952;0,6863933;345,912;17,37746;359,0632
0,4395509;0,8020114;0,6864003;345,9145;17,38153;359,0604
0,4395692;0,8020408;0,6864185;345,9087;17,37981;359,0554
0,4396897;0,8020511;0,6864024;345,9265;17,39353;359,061
0,4396009;0,802085;0,6863229;345,9063;17,37811;359,0728
0,439628;0,8020986;0,6863237;345,9067;17,3804;359,063
0,4396367;0,8020504;0,6863948;345,9118;17,37984;359,0733
0,4396597;0,8020597;0,6864057;345,9101;17,37902;359,0697
0,4396671;0,8020637;0,6864264;345,9095;17,37445;359,0745
0,4395944;0,8021266;0,6864602;345,9077;17,36758;359,0796
0,4395986;0,8021361;0,6864804;345,9114;17,36459;359,0835
0,4396225;0,8021702;0,6864863;345,907;17,36996;359,0831
0,4394673;0,802021;0,6863627;345,9055;17,37113;359,0819
0,4394723;0,8020491;0,6863757;345,9038;17,36874;359,0813
0,4394838;0,8020685;0,6863793;345,9036;17,37147;359,0881
0,4395685;0,8020409;0,686383;345,9063;17,36934;359,0876
0,4395894;0,8020461;0,6863984;345,9085;17,3709;359,0883
0,439599;0,8020549;0,6864105;345,9072;17,36926;359,0879
0,4395566;0,8019946;0,6863788;345,914;17,36852;359,0957
0,4395744;0,8019876;0,6863912;345,9115;17,36778;359,0873
0,4395945;0,8019881;0,6864036;345,9108;17,36556;359,0948
0,43961;0,8019866;0,6863977;345,9189;17,36946;359,0967
0,4393705;0,8018108;0,6862575;345,903;17,36949;359,0932
0,4393692;0,8018014;0,6862531;345,9048;17,36492;359,0928
0,4395089;0,8018559;0,6863579;345,9115;17,36327;359,0907
0,4395193;0,8018572;0,6863616;345,9116;17,36115;359,0933
0,4395418;0,8018368;0,6863617;345,9139;17,36548;359,0923
0,4395974;0,8019349;0,6864545;345,9274;17,36357;359,0969
0,4393322;0,8018343;0,686293;345,9064;17,35891;359,0994
0,4393322;0,8018206;0,6862867;345,9052;17,36132;359,0977
0,4394695;0,80193;0,6863226;345,9172;17,36368;359,0975
0,4395113;0,8019187;0,6863145;345,9047;17,3594;359,0932
0,4395224;0,8019138;0,6863008;345,9015;17,36617;359,0861
0,4395781;0,8019871;0,6863659;345,9174;17,36483;359,0929
0,4395702;0,8019335;0,6863642;345,9094;17,35638;359,0907
0,4395648;0,8019089;0,6863641;345,9077;17,35652;359,0914
0,4396533;0,8019742;0,6864094;345,9176;17,36296;359,0849
0,4394038;0,8018366;0,6862608;345,8996;17,35614;359,0906
0,4393989;0,8018084;0,6862531;345,8994;17,35655;359,0946
0,4394488;0,8019384;0,6863726;345,9146;17,35577;359,0945
0,4394342;0,8018648;0,6863732;345,9059;17,35334;359,0904
0,4394273;0,8018445;0,6863702;345,9063;17,3555;359,0933
0,4394748;0,8019642;0,6864719;345,9157;17,35556;359,0976
0,4393723;0,8019478;0,6864214;345,8996;17,35113;359,1018
0,4393495;0,8019478;0,6864362;345,9014;17,34831;359,1021
0,4392611;0,8017676;0,6862768;345,8974;17,35605;359,0996
0,4392592;0,8017659;0,686277;345,8999;17,35994;359,0993
0,4392385;0,8017513;0,6862737;345,8977;17,3576;359,1012
0,4391452;0,8016294;0,6862388;345,8983;17,35876;359,0972
0,4391336;0,8016117;0,6862341;345,8987;17,36423;359,0963
0,4391049;0,8015739;0,6862396;345,8986;17,35763;359,0998
0,4392057;0,8016764;0,686282;345,9037;17,36674;359,0995
0,438958;0,8014193;0,6862041;345,8997;17,35772;359,101
0,4389436;0,8013947;0,6862006;345,898;17,36382;359,0989
0,4390179;0,8014368;0,6862125;345,9087;17,36704;359,0992
0,4390408;0,8014378;0,6861964;345,9014;17,36897;359,0979
0,4390185;0,8014137;0,6861944;345,9017;17,36663;359,0949
0,4391203;0,8015425;0,6862661;345,9089;17,36449;359,1056
0,4391227;0,8015833;0,6862224;345,8989;17,36366;359,0995
0,4390945;0,8015515;0,6862185;345,9002;17,35979;359,0967
0,4391899;0,8016652;0,686197;345,8992;17,36097;359,0998
0,4391704;0,801657;0,6861869;345,893;17,35923;359,1024
0,4391572;0,8016332;0,6861715;345,8979;17,36062;359,0957
0,4392135;0,8016985;0,6862183;345,9124;17,36566;359,0986
0,4390175;0,8014669;0,6861377;345,9012;17,36048;359,0883
0,4390196;0,8014418;0,6861433;345,9019;17,36403;359,0892
0,4391213;0,8015506;0,6861916;345,9037;17,3611;359,0903
0,4390918;0,8015463;0,686196;345,9017;17,35523;359,0923
0,4390911;0,8015329;0,6861914;345,9019;17,36054;359,0896
0,4389721;0,8014159;0,6861326;345,9035;17,36195;359,0891
0,438967;0,8014193;0,6861279;345,8989;17,36361;359,0857
0,4389538;0,8013978;0,6861309;345,9067;17,36385;359,0875
0,439025;0,8014657;0,6861415;345,9131;17,37229;359,0974
0,4390594;0,8014593;0,6861524;345,9077;17,36063;359,0905
0,4390587;0,8014309;0,6861528;345,9095;17,36491;359,0872
0,4389198;0,8014051;0,6862134;345,91;17,3641;359,0939
0,4388914;0,8013909;0,6862102;345,909;17,3624;359,0926
0,4388585;0,8013929;0,6862105;345,9068;17,36026;359,0935
0,439025;0,801494;0,6861753;345,9012;17,36779;359,088
0,4389986;0,801483;0,6861769;345,9017;17,3636;359,0933
0,4389904;0,8014709;0,6861727;345,9013;17,36772;359,0933
0,4389228;0,8013658;0,6861352;345,9068;17,36747;359,0898
0,43891;0,8013507;0,6861312;345,9031;17,36956;359,0894
0,438885;0,8013502;0,6861186;345,9003;17,36874;359,0867
0,4389884;0,8014667;0,6861607;345,9148;17,36931;359,093
0,4390235;0,8014829;0,6861563;345,9048;17,36571;359,0934
0,4390105;0,8014637;0,6861579;345,9053;17,3651;359,0919
0,4390674;0,8015947;0,6862605;345,916;17,36303;359,0944
0,4388641;0,8013974;0,6861801;345,9004;17,36548;359,0929
0,4388511;0,8013794;0,6861755;345,9041;17,36519;359,0918
0,4390207;0,8015437;0,6862384;345,9056;17,36648;359,093
0,4390076;0,8015378;0,6862394;345,9054;17,36744;359,0949
0,4389962;0,8015256;0,6862376;345,9069;17,3661;359,0933
0,4391457;0,8016368;0,6862514;345,9176;17,37321;359,094
0,4391881;0,8016282;0,6862696;345,9081;17,36423;359,0913
0,4391827;0,8016095;0,6862639;345,9077;17,36909;359,0903
0,4392819;0,8016861;0,6862746;345,919;17,37369;359,0848
0,4392874;0,8016779;0,6862552;345,9021;17,36743;359,0821
0,4392967;0,8016536;0,6862545;345,9061;17,36769;359,079
0,4393668;0,8017114;0,6862921;345,9171;17,37486;359,0882
0,4393154;0,8016842;0,6862341;345,906;17,36235;359,0876
0,4393206;0,8016752;0,6862252;345,9045;17,36369;359,0821
0,4394568;0,8017793;0,686275;345,9184;17,37052;359,0886
0,439431;0,8018072;0,6862116;345,8995;17,36949;359,0849
0,4394365;0,8017842;0,6861967;345,9047;17,3686;359,0862
0,4393919;0,8018924;0,6862905;345,9043;17,36017;359,0869
0,439371;0,8019043;0,6862792;345,9016;17,35898;359,0978
0,4393676;0,8019015;0,6862741;345,9063;17,36027;359,0916
0,4394635;0,8020415;0,6863377;345,9196;17,36492;359,0929
0,4394599;0,8020028;0,6863332;345,9072;17,35757;359,0904
0,4394608;0,8020139;0,6863331;345,9075;17,35547;359,0941
0,439595;0,8020512;0,6863527;345,9098;17,35931;359,0933
0,4395984;0,8020688;0,68636;345,9063;17,3578;359,0917
0,4395996;0,8020531;0,6863716;345,9102;17,35766;359,0919
0,4394369;0,8018678;0,6863353;345,9098;17,35296;359,0979
0,4394462;0,8018717;0,6863306;345,9092;17,35891;359,0927
0,4394475;0,8018726;0,6863225;345,9039;17,36117;359,0964
0,4392989;0,8017628;0,6862785;345,908;17,36282;359,0951
0,439274;0,8017693;0,6862762;345,9067;17,35632;359,0976
0,4392729;0,8017563;0,6862787;345,909;17,36066;359,1015
0,4393666;0,8018525;0,6863133;345,9155;17,3616;359,0962
0,439105;0,8016416;0,6861901;345,9028;17,36034;359,0919
0,4390838;0,8016203;0,6861784;345,9019;17,3634;359,0963
0,4391475;0,8016598;0,6861731;345,915;17,36882;359,0978
0,4389334;0,8013862;0,686088;345,9081;17,363;359,0909
0,4389184;0,8013789;0,6860726;345,9071;17,36472;359,0903
0,4390429;0,8015524;0,6861857;345,9225;17,37201;359,093
0,4388089;0,8012853;0,6860874;345,9115;17,36564;359,0902
0,438789;0,8012697;0,6860673;345,9079;17,36748;359,0877
0,4389435;0,8014302;0,6861564;345,9257;17,37501;359,0947
0,4389992;0,8014553;0,686174;345,9144;17,36561;359,0959
0,4389956;0,8014209;0,6861808;345,9169;17,36984;359,0879
0,4390859;0,8015805;0,6862841;345,9284;17,36728;359,0936
0,4388316;0,8013796;0,6861783;345,9124;17,36495;359,0955
0,4388134;0,8013785;0,6861764;345,9107;17,36878;359,0948
0,4389853;0,8015147;0,6862144;345,9188;17,37013;359,0898
0,4391001;0,8015105;0,6862873;345,9143;17,36739;359,081
0,4390963;0,8014908;0,6863056;345,9125;17,36794;359,0819
0,4391806;0,8015419;0,6863358;345,9286;17,37072;359,087
0,4391757;0,8015218;0,6863151;345,9137;17,36509;359,0867
0,4391621;0,8015056;0,6863183;345,9162;17,36153;359,0902
0,4392757;0,801579;0,6863004;345,9236;17,37023;359,0873
0,4392161;0,8016526;0,6862285;345,9072;17,36032;359,0871
0,4392167;0,8016489;0,6862197;345,9048;17,36186;359,0904
0,4393114;0,8018036;0,6863202;345,9196;17,35933;359,0952
0,4393607;0,8017929;0,6863337;345,9104;17,36364;359,0905
0,4393412;0,8017833;0,6863385;345,9108;17,35269;359,0901
0,4394696;0,8018817;0,6863499;345,919;17,35722;359,0946
0,4394139;0,8018962;0,6862893;345,9061;17,35335;359,0927
0,4394037;0,8018979;0,6862881;345,9062;17,35059;359,0959
0,4394709;0,8020127;0,6863634;345,9167;17,35169;359,1022
0,4392506;0,8017989;0,6862596;345,9051;17,35066;359,0986
0,439245;0,8017837;0,686255;345,9048;17,35169;359,0961
0,4392766;0,8016986;0,6862502;345,9038;17,35439;359,0875
0,4392792;0,8016782;0,6862358;345,9014;17,3544;359,0876
0,4392807;0,8016434;0,6862328;345,8991;17,35486;359,0893
0,4394273;0,8017025;0,6862484;345,9133;17,36634;359,0885
0,4393922;0,8016863;0,6861973;345,8991;17,36493;359,0871
0,4393866;0,8016477;0,6862072;345,9056;17,3591;359,087
0,439409;0,8017694;0,6863366;345,9149;17,35432;359,0969
0,4392017;0,8015107;0,686233;345,9026;17,35946;359,0947
0,4391872;0,8014795;0,686226;345,9018;17,35704;359,0923
0,439222;0,8015319;0,6862717;345,9171;17,35924;359,0955
0,4389546;0,8013456;0,6861213;345,9008;17,36131;359,0958
0,4389311;0,8013042;0,6861256;345,9039;17,36054;359,0896
0,4390459;0,8014174;0,6861752;345,9131;17,36658;359,0909
0,4387743;0,8011898;0,6860483;345,898;17,36108;359,0927
0,4387543;0,8011573;0,6860434;345,9011;17,36136;359,089
0,4389874;0,8014328;0,6861505;345,8988;17,35359;359,0944
0,438982;0,8014143;0,6861433;345,9001;17,35752;359,0974
0,4389539;0,8013841;0,6861426;345,9023;17,35391;359,0922
0,4388634;0,8012983;0,6861011;345,8983;17,35762;359,0919
0,4388694;0,8012821;0,6860837;345,9005;17,36245;359,0873
0,4388523;0,8012788;0,6860731;345,9008;17,3609;359,0898
0,4387758;0,8013126;0,6860673;345,8968;17,35665;359,0915
0,4387682;0,8012894;0,6860726;345,8986;17,35856;359,09
0,4387516;0,8012715;0,6860672;345,8985;17,36283;359,0926
0,4387854;0,8012589;0,6861066;345,9043;17,36342;359,0923
0,4387767;0,8012473;0,6860971;345,8988;17,36689;359,0891
0,4387645;0,8012326;0,6861044;345,8991;17,36466;359,0856
0,4388953;0,801295;0,6860765;345,9095;17,37763;359,0922
0,438658;0,8010658;0,6859616;345,9005;17,37116;359,0887
0,4386564;0,8010392;0,6859543;345,9029;17,37111;359,0873
0,438848;0,8013073;0,6860973;345,9156;17,37099;359,0945
0,4386993;0,8010744;0,6860296;345,9043;17,37118;359,0809
0,4386973;0,8010364;0,6860347;345,9073;17,3693;359,0854
0,4389446;0,8013688;0,6861843;345,9047;17,36174;359,0951
0,4389526;0,8013667;0,6861912;345,9044;17,36521;359,0932
0,4389422;0,8013471;0,6861988;345,9044;17,35967;359,091
0,4388715;0,8013228;0,6861145;345,9011;17,36471;359,0875
0,4388524;0,8013141;0,6861262;345,9056;17,36506;359,0895
0,4388434;0,8013012;0,6861309;345,9038;17,36486;359,0869
0,4390061;0,801456;0,6861812;345,9123;17,3728;359,0895
0,4390552;0,8014879;0,6861952;345,9054;17,36638;359,0882
0,4390616;0,8014687;0,686205;345,9038;17,36922;359,0851
0,439183;0,801626;0,6863148;345,9173;17,37116;359,093
0,4389492;0,8014545;0,6862185;345,897;17,362;359,0922
0,4389328;0,8014391;0,6862254;345,8972;17,36237;359,088
0,439113;0,8015537;0,6862539;345,9092;17,37237;359,0856
0,4388757;0,8013573;0,6861329;345,8976;17,37107;359,0888
0,4388389;0,8013358;0,6861327;345,8984;17,35986;359,0903
0,4389713;0,8014417;0,686168;345,9047;17,36884;359,0872
0,4391915;0,8014942;0,6862723;345,9002;17,36379;359,0838
0,4391957;0,8014559;0,6862747;345,9041;17,36379;359,0852
0,4393291;0,8015465;0,6863296;345,9124;17,37592;359,0807
0,4392935;0,8015851;0,6862862;345,8968;17,36347;359,0875
0,4392961;0,8015599;0,6862977;345,8993;17,36383;359,0875
0,4393425;0,8015969;0,6863583;345,9148;17,36659;359,0929
0,4392607;0,8017015;0,686244;345,8959;17,36269;359,0913
0,439245;0,8016871;0,6862462;345,8998;17,35956;359,0903
0,4393508;0,801788;0,6862903;345,9103;17,37078;359,0952
0,4391257;0,8016255;0,6861821;345,8964;17,36178;359,0956
0,4391099;0,8016319;0,6861684;345,897;17,36374;359,0955
0,4391707;0,8017043;0,686204;345,9044;17,36381;359,0956
0,4389802;0,8014603;0,6861268;345,8982;17,36687;359,0882
0,4389761;0,8014466;0,6861193;345,897;17,36944;359,0866
0,4390683;0,801566;0,686184;345,9121;17,36768;359,0945
0,4388813;0,8013324;0,6861134;345,8981;17,36671;359,0863
0,4388676;0,801323;0,6861064;345,8994;17,36943;359,0902
0,438948;0,8015308;0,6862799;345,919;17,36679;359,0912
0,4386747;0,8013309;0,6861612;345,9075;17,36551;359,0891
0,438639;0,8013251;0,68616;345,9017;17,3625;359,0876
0,43884;0,801438;0,6861218;345,915;17,37511;359,0882
0,4386472;0,801221;0,6860276;345,9022;17,37358;359,076
0,4386176;0,8011945;0,6860112;345,902;17,37376;359,0797
0,4387841;0,8013762;0,6861024;345,9154;17,38093;359,0781
0,4388322;0,801366;0,6861305;345,9047;17,37167;359,0854
0,4388309;0,8013481;0,6861231;345,9092;17,3756;359,083
0,4388115;0,8011611;0,6860466;345,9062;17,38327;359,0731
0,4388028;0,8011385;0,6860316;345,9041;17,38201;359,0775
0,4387846;0,8011019;0,6860348;345,9064;17,37804;359,0774
0,4388493;0,8012329;0,6861267;345,9203;17,38551;359,0783
0,4386343;0,801038;0,6860005;345,9057;17,38499;359,0764
0,4386201;0,8010209;0,6859984;345,9069;17,38366;359,0751
0,438658;0,8009815;0,6860993;345,9126;17,38343;359,0749
0,4386426;0,80098;0,6861072;345,9112;17,38318;359,0771
0,4386393;0,8009652;0,6861107;345,9117;17,38526;359,0706
0,4388143;0,8012056;0,6862439;345,9253;17,38718;359,081
0,4384443;0,8010126;0,6860592;345,9049;17,38508;359,0755
0,4384136;0,8009933;0,686051;345,9052;17,38327;359,0786
0,4383601;0,8008438;0,6859085;345,9005;17,39113;359,0667
0,438349;0,8008134;0,6859051;345,9052;17,39123;359,067
0,4383382;0,8007941;0,6858921;345,9056;17,39355;359,0703
0,4384902;0,800978;0,6859667;345,9161;17,39271;359,0728
0,4386439;0,8010195;0,6860362;345,9128;17,38286;359,0614
0,4386469;0,8010053;0,6860365;345,9037;17,38609;359,0728
0,438855;0,8012304;0,6861717;345,9232;17,38923;359,0717
0,4389119;0,8012882;0,6861508;345,9094;17,38666;359,0751
0,4389066;0,8012798;0,6861458;345,9078;17,38445;359,0699
0,4390367;0,8014277;0,6862091;345,9175;17,39069;359,0705
0,4390649;0,8014692;0,6861777;345,9103;17,38602;359,0699
0,439054;0,8014542;0,6861875;345,9126;17,38284;359,07
0,43912;0,8015679;0,6862596;345,9227;17,38827;359,0739
0,4392437;0,8015131;0,6863467;345,924;17,38069;359,0728
0,439252;0,8015063;0,6863598;345,9231;17,37825;359,0737
0,4393415;0,8015481;0,6863694;345,9291;17,38166;359,0775
0,4390748;0,8014528;0,686191;345,9075;17,37705;359,0829
0,439075;0,8014499;0,6861845;345,9074;17,37672;359,0833
0,4391564;0,8015652;0,6862488;345,9209;17,37915;359,0826
0,4388794;0,801416;0,6860942;345,9036;17,38235;359,0767
0,4388608;0,801415;0,6860907;345,9069;17,37847;359,08
0,4390988;0,8016501;0,6862122;345,9091;17,37325;359,0804
0,4391032;0,801653;0,6862127;345,9134;17,37504;359,081
0,4391132;0,8016727;0,6862071;345,9078;17,37875;359,0818
0,4391832;0,8017156;0,68619;345,9172;17,37999;359,0838
0,4392686;0,8017483;0,6862021;345,9075;17,3735;359,0841
0,4392844;0,8017483;0,6861962;345,9114;17,37778;359,0796
0,4393384;0,801825;0,6862218;345,9263;17,37805;359,0908
0,4391737;0,8015537;0,686174;345,9205;17,37236;359,0868
0,4391927;0,8015612;0,6861647;345,9126;17,37756;359,0831
0,4392407;0,8017262;0,6863509;345,929;17,37352;359,0968
0,4391016;0,8014796;0,6863227;345,9123;17,37326;359,0863
0,439101;0,8014546;0,6863564;345,9219;17,37523;359,0864
0,4392129;0,8015047;0,6863533;345,93;17,38079;359,0862
0,4388927;0,8012807;0,6861855;345,9084;17,38155;359,0869
0,4388875;0,8012625;0,6861823;345,911;17,38214;359,09
0,4389984;0,8013914;0,686262;345,9236;17,38352;359,0894
0,4387165;0,8012016;0,6861163;345,9083;17,37965;359,0784
0,4387099;0,8011893;0,6861176;345,9057;17,3829;359,0857
0,4388032;0,8012342;0,6861011;345,9226;17,38943;359,0872
0,4385829;0,8010077;0,6860085;345,9117;17,38495;359,0747
0,4385785;0,800987;0,6859871;345,9091;17,39022;359,0786
0,4387099;0,8011133;0,6860449;345,9254;17,39489;359,0892
0,4387949;0,8011731;0,6860723;345,9166;17,38396;359,0861
0,4387958;0,8011615;0,6860725;345,9174;17,3858;359,0819
0,4389077;0,801348;0,6861691;345,9288;17,38832;359,087
0,4386923;0,801124;0,6860602;345,9146;17,38922;359,0814
0,4386649;0,8010946;0,6860511;345,9193;17,38246;359,0836
0,4388087;0,8012592;0,6861335;345,933;17,38843;359,0835
0,4389226;0,8013358;0,6861616;345,9238;17,37997;359,0806
0,4389195;0,8013256;0,6861453;345,9198;17,3804;359,0817
0,4390206;0,8014089;0,6861951;345,9317;17,38373;359,0888
0,4388354;0,8011881;0,6861224;345,9221;17,37944;359,08
0,4388247;0,8011557;0,6861278;345,9242;17,37694;359,0796
0,4389415;0,8012439;0,6861597;345,934;17,38418;359,0825
0,4389175;0,8012624;0,6860983;345,9245;17,38272;359,0852
0,4389062;0,8012545;0,6860924;345,9203;17,3797;359,0846
0,4389955;0,8013977;0,6862096;345,9368;17,38087;359,0826
0,4390406;0,8014694;0,6862105;345,9231;17,37071;359,0896
0,4390367;0,8014494;0,6862129;345,9255;17,37045;359,0878
0,4392602;0,8016134;0,6863081;345,9307;17,36948;359,0877
0,4392838;0,8016286;0,6863103;345,9212;17,37239;359,0873
0,439284;0,8016224;0,6863152;345,924;17,36976;359,0843
0,4393864;0,8017101;0,6863424;345,935;17,3756;359,0872
0,439427;0,8017709;0,6863346;345,9252;17,36432;359,0877
0,4394233;0,8017696;0,6863424;345,9246;17,35987;359,0953
0,4395308;0,8018581;0,6863735;345,9341;17,36949;359,0935
0,4395479;0,8018706;0,6863459;345,9223;17,36212;359,0884
0,4395685;0,8018742;0,68635;345,9226;17,36626;359,0846
0,4395816;0,8019593;0,6864544;345,9381;17,3661;359,096
0,4393302;0,8018633;0,6862943;345,9145;17,36075;359,0957
0,4393197;0,8018659;0,6863;345,9143;17,36102;359,098
0,4394538;0,8020211;0,6863465;345,925;17,3689;359,0934
0,439236;0,801851;0,6862247;345,9136;17,3679;359,0878
0,4392102;0,8018529;0,6862172;345,9113;17,36202;359,0954
0,4393119;0,8019569;0,6862416;345,9193;17,36774;359,0953
0,4394864;0,8019604;0,6863245;345,9175;17,36565;359,0918
0,439494;0,8019733;0,6863167;345,9155;17,36633;359,0917
0,4395055;0,8020074;0,6863647;345,9344;17,36118;359,0947
0,4393057;0,8018321;0,6862351;345,9183;17,36707;359,0917
0,4392998;0,8018352;0,686234;345,919;17,36263;359,0831
0,4393923;0,8019044;0,6862649;345,9314;17,36859;359,0895
0,4391546;0,8017112;0,6861454;345,9147;17,36881;359,0846
0,4391439;0,8016991;0,6861407;345,9164;17,36934;359,0873
0,439239;0,8018772;0,6862615;345,9304;17,37198;359,0945
0,4390877;0,8016229;0,6862221;345,9212;17,36415;359,0875
0,4390681;0,8016223;0,6862221;345,9213;17,36199;359,0909
0,4392064;0,8017486;0,6862259;345,9286;17,36672;359,0898
0,4390292;0,8015144;0,6861477;345,9165;17,36569;359,0824
0,4390248;0,8014868;0,6861511;345,9236;17,36485;359,0794
0,4391381;0,8016115;0,6861905;345,9301;17,3742;359,0867
0,4388741;0,8013814;0,6860761;345,9179;17,36998;359,0819
0,438856;0,8013675;0,6860712;345,9206;17,37029;359,0838
0,4390078;0,8015419;0,686148;345,929;17,37752;359,0836
0,4388346;0,8012763;0,6860927;345,9218;17,37235;359,0877
0,4388398;0,8012625;0,6860788;345,9202;17,37651;359,0814
0,4390166;0,8014758;0,6861966;345,9334;17,37322;359,0877
0,4387653;0,8012533;0,6860668;345,9185;17,38082;359,0773
0,4387344;0,8012296;0,6860626;345,9193;17,37281;359,08
0,4388797;0,8013929;0,6861585;345,9301;17,37719;359,081
0,4390843;0,8014961;0,6862451;345,9229;17,36979;359,0775
0,4390913;0,8014676;0,6862534;345,9251;17,37226;359,0789
0,4392531;0,8016093;0,6863056;345,9351;17,37357;359,0821
0,4390101;0,8013758;0,6861778;345,9164;17,37132;359,0771
0,4390149;0,8013451;0,6861669;345,9204;17,37544;359,0755
0,4391429;0,801555;0,6862985;345,9284;17,3723;359,0871
0,4388722;0,8013671;0,6861637;345,914;17,36963;359,0794
0,4388518;0,8013306;0,6861687;345,9162;17,36869;359,0793
0,4389691;0,8014107;0,686193;345,9247;17,36883;359,083
0,4390437;0,8014491;0,6862097;345,9168;17,36841;359,0822
0,4390275;0,8014271;0,6862043;345,9149;17,3701;359,0814
0,4391584;0,8015524;0,6862392;345,9233;17,37377;359,0822
0,4391308;0,8015081;0,6861938;345,9126;17,37251;359,0808
0,439115;0,8014812;0,686191;345,913;17,36812;359,0823
0,4392444;0,8016103;0,686254;345,9222;17,37455;359,0879
0,4391385;0,80158;0,6861752;345,9055;17,36629;359,0812
0,4391292;0,8015646;0,6861638;345,9046;17,36735;359,0845
0,4392093;0,8016467;0,686211;345,9199;17,37278;359,0875
0,4391894;0,8015904;0,6862022;345,9169;17,36467;359,0811
0,4391747;0,801576;0,6861963;345,913;17,36672;359,0868
0,4392403;0,8017013;0,6862638;345,9195;17,36491;359,0876
0,4390148;0,8014805;0,6861563;345,9034;17,36669;359,0828
0,4389969;0,801461;0,6861472;345,907;17,36471;359,0862
0,4391376;0,8016266;0,6862433;345,9191;17,36604;359,0887
0,4391119;0,8016418;0,6862122;345,9072;17,36004;359,0885
0,4391009;0,8016205;0,6862097;345,907;17,35963;359,0892
0,4392247;0,8017465;0,6862359;345,9135;17,36171;359,088
0,4394001;0,8016955;0,6863524;345,9061;17,35674;359,0888
0,4394009;0,8016713;0,686366;345,9081;17,35599;359,0873
0,4395593;0,801786;0,6864313;345,9224;17,36179;359,0881
0,439453;0,8018794;0,6863161;345,8999;17,35699;359,093
0,4394522;0,8018872;0,6863066;345,8979;17,35722;359,0931
0,4395059;0,801966;0,6863371;345,9111;17,35712;359,0974
0,4394399;0,8019754;0,6862694;345,8974;17,35637;359,0913
0,4394457;0,8019872;0,6862587;345,8975;17,35951;359,0904
0,4395612;0,8021248;0,6863251;345,9116;17,36477;359,0977
0,4393794;0,8018684;0,6862758;345,9016;17,35914;359,0907
0,4393731;0,8018491;0,6862715;345,908;17,35844;359,0892
0,4394693;0,8020204;0,6863736;345,9178;17,36014;359,0964
0,4394429;0,8019906;0,6863652;345,905;17,35907;359,0918
0,4394332;0,8019823;0,6863796;345,9086;17,35905;359,0941
0,4395034;0,8020259;0,6863505;345,9113;17,36059;359,0999
0,439509;0,8020285;0,68636;345,9129;17,36145;359,0951
0,4395258;0,8019917;0,6863548;345,903;17,35594;359,093
0,439596;0,8020604;0,6864076;345,9137;17,36282;359,0927
0,439554;0,8020216;0,6863934;345,902;17,3558;359,0969
0,439538;0,8020028;0,6864037;345,902;17,35434;359,1
0,4396493;0,8020827;0,6864197;345,9098;17,3574;359,0987
0,4396216;0,8020312;0,6863912;345,8943;17,35098;359,0898
0,4396415;0,8020228;0,6863937;345,8981;17,36005;359,0874
0,4397125;0,8020868;0,6864322;345,9056;17,36013;359,0933
0,4394908;0,8018845;0,6863325;345,8989;17,35363;359,0951
0,4394908;0,801884;0,6863207;345,8935;17,35602;359,0919
0,4395093;0,8019176;0,6863551;345,9097;17,35672;359,1013
0,439234;0,8017188;0,6862106;345,8941;17,35665;359,0944
0,4392097;0,801708;0,6861836;345,8927;17,3562;359,0923
0,4392946;0,8018043;0,6862226;345,9088;17,36177;359,0969
0,4393415;0,8018034;0,6862322;345,8992;17,35802;359,1008
0,4393355;0,801776;0,6862379;345,9035;17,35913;359,0974
0,4394215;0,8019178;0,6863327;345,9126;17,35829;359,1
0,439441;0,8018485;0,6863567;345,9055;17,35406;359,0984
0,4394267;0,8018524;0,6863567;345,9037;17,35372;359,0968
0,4395187;0,8018885;0,6863556;345,9151;17,36352;359,0967
0,4393028;0,8017082;0,6862473;345,8991;17,35967;359,0937
0,4392954;0,8016744;0,6862519;345,9031;17,36036;359,0979
0,4394166;0,8018517;0,6863327;345,9111;17,36851;359,0988
0,4393907;0,8018187;0,6863297;345,8999;17,35622;359,0981
0,4393719;0,8017921;0,6863319;345,9059;17,35314;359,0951
0,4394932;0,8018725;0,6863678;345,9206;17,36204;359,1
0,439245;0,8017421;0,6862356;345,9012;17,35852;359,0998
0,4392327;0,8017368;0,6862226;345,9016;17,3581;359,0914
0,4393497;0,8018593;0,686282;345,914;17,36324;359,0968
0,4391148;0,8016671;0,6861734;345,9028;17,36416;359,093
0,4390827;0,8016634;0,6861763;345,903;17,36268;359,096
0,4391499;0,8017852;0,6862584;345,9172;17,36394;359,1017
0,4390047;0,8015547;0,6862291;345,9102;17,36651;359,0923
0,4389762;0,801546;0,686226;345,9106;17,36428;359,0912
0,4390914;0,8015895;0,6862033;345,9217;17,36999;359,1
0,4388702;0,8013768;0,6861075;345,9057;17,36868;359,095
0,4388655;0,801349;0,6861118;345,9099;17,36876;359,094
0,4389983;0,8015087;0,6862013;345,9211;17,37331;359,0941
0,4390978;0,8015291;0,6862555;345,9117;17,36642;359,0957
0,4390852;0,8015143;0,6862743;345,9165;17,36867;359,0886
0,4391659;0,8015991;0,6863141;345,9236;17,36749;359,095
0,4389242;0,8014516;0,686184;345,9054;17,36523;359,0949
0,4389002;0,8014599;0,6861724;345,9013;17,36429;359,0947
0,4390255;0,8015568;0,6861932;345,9147;17,37056;359,0984
0,4388063;0,801334;0,6860818;345,9059;17,37604;359,0856
0,4387689;0,8013393;0,686071;345,9081;17,3705;359,0897
0,4389112;0,80149;0,6861105;345,9156;17,37506;359,0904
0,4387243;0,8012562;0,6860622;345,9128;17,36774;359,0836
0,4387187;0,8012559;0,6860445;345,907;17,3718;359,0818
0,4388345;0,8013533;0,6861295;345,9264;17,37621;359,0873
0,4386248;0,8011569;0,6860552;345,9122;17,37446;359,0862
0,438598;0,8011274;0,6860589;345,9171;17,36941;359,0827
0,4387651;0,8012575;0,6860753;345,9204;17,37778;359,08
0,4389024;0,8012714;0,6861454;345,9159;17,3689;359,0832
0,438898;0,8012488;0,6861544;345,9177;17,37021;359,0829
0,4390041;0,8013594;0,6862159;345,9305;17,37161;359,0859
0,4388034;0,8011622;0,6861129;345,9152;17,3752;359,0829
0,4388044;0,8011285;0,6861138;345,9182;17,37516;359,0773
0,4389122;0,8012456;0,6861669;345,9301;17,37642;359,0847
0,4386597;0,8010697;0,6860231;345,9133;17,37275;359,0793
0,4386345;0,8010516;0,6860151;345,9111;17,36742;359,0785
0,4387645;0,8011838;0,6860908;345,9243;17,37239;359,083
0,4385678;0,8009433;0,6859936;345,9166;17,37174;359,0818
0,4385599;0,8009333;0,6859779;345,915;17,37499;359,0759
0,4387444;0,8011341;0,6860884;345,9332;17,37601;359,079
0,4385015;0,8009151;0,6859568;345,9145;17,37753;359,0756
0,438483;0,800879;0,6859438;345,912;17,37722;359,0779
0,4388568;0,8011056;0,6861513;345,9256;17,3708;359,0804
0,438865;0,8010591;0,6861677;345,9299;17,3705;359,0807
0,4388708;0,8010293;0,6861669;345,9221;17,37587;359,0765
0,4389998;0,801136;0,6862522;345,9352;17,37482;359,0798
0,4389871;0,801245;0,6861854;345,9113;17,3696;359,0858
0,4389882;0,8012212;0,6862012;345,9148;17,36711;359,0825
0,4391345;0,8013934;0,6863323;345,9287;17,3687;359,0856
0,4390385;0,8014531;0,6862508;345,9067;17,36491;359,0927
0,4390371;0,8014323;0,6862551;345,9088;17,36563;359,0892
0,4392173;0,8015575;0,6862991;345,9185;17,37507;359,0931
0,4389868;0,8013955;0,6861875;345,902;17,36391;359,0815
0,438984;0,8013837;0,6861781;345,899;17,36619;359,0869
0,4391187;0,8014953;0,6862204;345,9123;17,36804;359,0899
0,438851;0,8013133;0,6860684;345,8939;17,36779;359,086
0,4388325;0,8013039;0,6860569;345,8953;17,36604;359,0901
0,439009;0,8014727;0,6861433;345,909;17,37781;359,0932
0,4391251;0,8015425;0,6861626;345,8929;17,36294;359,0895
0,4391243;0,8015197;0,6861564;345,8984;17,36465;359,0921
0,4392327;0,8016998;0,6862894;345,9082;17,36788;359,0907
0,4390365;0,8014749;0,686232;345,8958;17,35937;359,0871
0,439045;0,8014708;0,6862285;345,8946;17,36548;359,087
0,4392288;0,8016198;0,6862568;345,9037;17,3707;359,0825
0,4389379;0,8014294;0,6861187;345,8904;17,36665;359,0817
0,4389315;0,8014022;0,6861221;345,893;17,36892;359,0834
0,439025;0,8015698;0,6862408;345,906;17,36486;359,0907
0,4387905;0,8013619;0,6861491;345,8898;17,36465;359,0861
0,4387664;0,8013467;0,6861467;345,8896;17,3645;359,084
0,4387472;0,8013279;0,686146;345,8891;17,36444;359,0882
0,4386975;0,801187;0,6860372;345,8914;17,36886;359,08
0,4386859;0,8011441;0,6860204;345,8917;17,37098;359,0813
0,4388697;0,8013773;0,6861053;345,9033;17,37327;359,084
0,4389861;0,8013589;0,6861516;345,9002;17,37082;359,0809
0,4389799;0,8013596;0,6861577;345,8987;17,36888;359,0816
0,4391429;0,8015078;0,6861966;345,912;17,37503;359,0835
0,4389485;0,8013253;0,6861049;345,8932;17,37237;359,077
0,4389421;0,8012949;0,6861019;345,9012;17,36962;359,0764
0,4390105;0,8014703;0,6862357;345,9093;17,36954;359,0867
0,43915;0,8015296;0,6863104;345,9008;17,36479;359,0854
0,4391394;0,8015357;0,6863223;345,8976;17,36699;359,0827
0,4391823;0,8016478;0,6864284;345,9165;17,36835;359,0887
0,4391261;0,8017295;0,6863587;345,9065;17,3654;359,0911
0,4391092;0,8017568;0,6863611;345,9003;17,3617;359,0952
0,4392822;0,8018421;0,686329;345,9078;17,36996;359,09
0,439092;0,8016756;0,6862104;345,8967;17,37211;359,0829
0,4390765;0,8016726;0,6862148;345,897;17,36598;359,087
0,4392166;0,8017467;0,6861814;345,9061;17,37407;359,0861
0,4393772;0,8017675;0,6862531;345,9003;17,37218;359,0803
0,4393788;0,8017841;0,6862497;345,8976;17,36809;359,0879
0,4394232;0,801924;0,6863385;345,9116;17,37033;359,0881
0,4394435;0,8019544;0,6863207;345,901;17,36518;359,0842
0,4394475;0,8019819;0,6863123;345,9005;17,36281;359,0849
0,4394758;0,8020228;0,6863668;345,9159;17,36685;359,09
0,4392825;0,8018157;0,6862897;345,9037;17,36436;359,0791
0,4392838;0,8018205;0,6862906;345,9031;17,36512;359,0836
0,4393867;0,8019204;0,6863266;345,9123;17,37108;359,0847
0,4391685;0,801713;0,6862413;345,8998;17,36588;359,084
0,4391751;0,8017145;0,6862399;345,902;17,37003;359,0832
0,4392843;0,8018353;0,6863056;345,9107;17,37396;359,09
0,4393218;0,8018153;0,6863209;345,9034;17,36601;359,0851
0,4393429;0,8018275;0,6863238;345,9014;17,36779;359,0798
0,4394974;0,8019787;0,6863534;345,9051;17,37164;359,0838
0,439436;0,8019552;0,6862953;345,8945;17,36519;359,0872
0,439468;0,8019532;0,6862864;345,8964;17,37035;359,0798
0,4395849;0,8020737;0,6863204;345,8997;17,3735;359,0844
0,4393947;0,8017765;0,686254;345,8981;17,36887;359,0774
0,439404;0,8017887;0,6862388;345,894;17,37099;359,082
0,4394691;0,801882;0,6862749;345,9021;17,37276;359,082
0,4392308;0,8016727;0,6861523;345,8852;17,37009;359,0833
0,4392329;0,8016551;0,686141;345,8913;17,3667;359,0753
0,4392942;0,8018334;0,686276;345,9003;17,368;359,0869
0,4393474;0,8018411;0,686305;345,8961;17,36142;359,0847
0,4393554;0,8018495;0,68631;345,8962;17,36457;359,0872
0,4394455;0,801967;0,6863754;345,9074;17,36304;359,0878
